state_type,n,k,ensemble,pauli_index,pauli_label,true_value,empirical_mean,abs_bias,empirical_var,theory_var_bound,sample_complexity_eps,num_shots
haar_random,2,1,pauli,0,YI,0.33108385877829294,0.18999999999999997,0.14108385877829296,2.823311036789305,3.0,282.33110367893045,300
haar_random,2,1,pauli,1,IX,0.4426388554914483,0.4799999999999999,0.0373611445085516,2.2370568561872908,3.0,223.70568561872904,300
haar_random,2,1,pauli,2,IX,0.4426388554914483,0.4799999999999999,0.0373611445085516,2.2370568561872908,3.0,223.70568561872904,300
haar_random,2,1,pauli,3,IX,0.4426388554914483,0.4799999999999999,0.0373611445085516,2.2370568561872908,3.0,223.70568561872904,300
haar_random,2,1,pauli,4,YI,0.33108385877829294,0.18999999999999997,0.14108385877829296,2.823311036789305,3.0,282.33110367893045,300
haar_random,2,1,pauli,5,YI,0.33108385877829294,0.18999999999999997,0.14108385877829296,2.823311036789305,3.0,282.33110367893045,300
haar_random,2,1,clifford,0,YI,0.33108385877829294,0.5166666666666666,0.18558280788837367,5.166945373467086,12.0,516.6945373467084,300
haar_random,2,1,clifford,1,IX,0.4426388554914483,0.6499999999999998,0.20736114450855148,4.341973244147145,12.0,434.1973244147144,300
haar_random,2,1,clifford,2,IX,0.4426388554914483,0.6499999999999998,0.20736114450855148,4.341973244147145,12.0,434.1973244147144,300
haar_random,2,1,clifford,3,IX,0.4426388554914483,0.6499999999999998,0.20736114450855148,4.341973244147145,12.0,434.1973244147144,300
haar_random,2,1,clifford,4,YI,0.33108385877829294,0.5166666666666666,0.18558280788837367,5.166945373467086,12.0,516.6945373467084,300
haar_random,2,1,clifford,5,YI,0.33108385877829294,0.5166666666666666,0.18558280788837367,5.166945373467086,12.0,516.6945373467084,300
haar_random,2,1,seeqst,0,YI,0.33108385877829294,0.6933333333333334,0.3622494745550404,8.0795540691193,,807.9554069119299,300
haar_random,2,1,seeqst,1,IX,0.4426388554914483,0.6933333333333334,0.25069447784188503,8.079554069119304,,807.9554069119303,300
haar_random,2,1,seeqst,2,IX,0.4426388554914483,0.6933333333333334,0.25069447784188503,8.079554069119304,,807.9554069119303,300
haar_random,2,1,seeqst,3,IX,0.4426388554914483,0.6933333333333334,0.25069447784188503,8.079554069119304,,807.9554069119303,300
haar_random,2,1,seeqst,4,YI,0.33108385877829294,0.6933333333333334,0.3622494745550404,8.0795540691193,,807.9554069119299,300
haar_random,2,1,seeqst,5,YI,0.33108385877829294,0.6933333333333334,0.3622494745550404,8.0795540691193,,807.9554069119299,300
haar_random,2,2,pauli,0,ZX,-0.5991083803888476,-0.6599999999999999,0.0608916196111523,9.315451505016688,9.0,931.5451505016686,300
haar_random,2,2,pauli,1,ZY,-0.2795274391233823,-0.12,0.1595274391233823,10.279866220735801,9.0,1027.9866220735798,300
haar_random,2,2,pauli,2,ZY,-0.2795274391233823,-0.12,0.1595274391233823,10.279866220735801,9.0,1027.9866220735798,300
haar_random,2,2,pauli,3,XZ,0.7531462292278572,0.8999999999999998,0.14685377077214257,10.023411371237415,9.0,1002.3411371237413,300
haar_random,2,2,pauli,4,ZZ,-0.03757998721056055,-0.15,0.11242001278943944,6.750000000000019,9.0,675.0000000000017,300
haar_random,2,2,pauli,5,ZX,-0.5991083803888476,-0.6599999999999999,0.0608916196111523,9.315451505016688,9.0,931.5451505016686,300
haar_random,2,2,clifford,0,ZX,-0.5991083803888476,-0.7499999999999999,0.15089161961115227,4.201505016722407,12.0,420.1505016722406,300
haar_random,2,2,clifford,1,ZY,-0.2795274391233823,-0.3999999999999999,0.12047256087661762,5.525083612040145,12.0,552.5083612040144,300
haar_random,2,2,clifford,2,ZY,-0.2795274391233823,-0.3999999999999999,0.12047256087661762,5.525083612040145,12.0,552.5083612040144,300
haar_random,2,2,clifford,3,XZ,0.7531462292278572,0.6499999999999999,0.10314622922785732,3.673076923076923,12.0,367.3076923076922,300
haar_random,2,2,clifford,4,ZZ,-0.03757998721056055,0.06666666666666664,0.10424665387722719,5.513935340022303,12.0,551.3935340022301,300
haar_random,2,2,clifford,5,ZX,-0.5991083803888476,-0.7499999999999999,0.15089161961115227,4.201505016722407,12.0,420.1505016722406,300
haar_random,2,2,seeqst,0,ZX,-0.5991083803888476,-0.5066666666666667,0.09244171372218091,7.6621627647714785,,766.2162764771477,300
haar_random,2,2,seeqst,1,ZY,-0.2795274391233823,-0.4266666666666667,0.1471392275432844,8.379219620958755,,837.9219620958754,300
haar_random,2,2,seeqst,2,ZY,-0.2795274391233823,-0.4266666666666667,0.1471392275432844,8.379219620958755,,837.9219620958754,300
haar_random,2,2,seeqst,3,XZ,0.7531462292278572,0.48,0.27314622922785725,6.618327759197294,,661.8327759197293,300
haar_random,2,2,seeqst,4,ZZ,-0.03757998721056055,-0.006666666666666661,0.03091332054389389,2.100289855072465,,210.02898550724646,300
haar_random,2,2,seeqst,5,ZX,-0.5991083803888476,-0.5066666666666667,0.09244171372218091,7.6621627647714785,,766.2162764771477,300
haar_random,3,1,pauli,0,IYI,0.12597342190846264,-2.960594732333751e-18,0.12597342190846264,2.8294314381270897,3.0,282.9431438127089,300
haar_random,3,1,pauli,1,IZI,-0.20967896325880853,-0.13999999999999999,0.06967896325880854,2.930167224080263,3.0,293.0167224080263,300
haar_random,3,1,pauli,2,IZI,-0.20967896325880853,-0.13999999999999999,0.06967896325880854,2.930167224080263,3.0,293.0167224080263,300
haar_random,3,1,pauli,3,ZII,-0.5120019785830414,-0.5499999999999999,0.037998021416958516,2.4958193979933094,3.0,249.58193979933088,300
haar_random,3,1,pauli,4,IIY,-0.4791011621814538,-0.5999999999999999,0.12089883781854605,2.588628762541811,3.0,258.86287625418106,300
haar_random,3,1,pauli,5,IIX,0.48186226207980065,0.6399999999999999,0.15813773792019925,2.7194648829431367,3.0,271.9464882943136,300
haar_random,3,1,clifford,0,IYI,0.12597342190846264,2.610682417901712e-17,0.1259734219084626,10.294314381270878,24.0,1029.4314381270876,300
haar_random,3,1,clifford,1,IZI,-0.20967896325880853,-0.1799999999999998,0.029678963258808727,8.636387959866234,24.0,863.6387959866232,300
haar_random,3,1,clifford,2,IZI,-0.20967896325880853,-0.1799999999999998,0.029678963258808727,8.636387959866234,24.0,863.6387959866232,300
haar_random,3,1,clifford,3,ZII,-0.5120019785830414,-0.4199999999999996,0.09200197858304182,7.950100334448103,24.0,795.0100334448101,300
haar_random,3,1,clifford,4,IIY,-0.4791011621814538,-0.5099999999999992,0.03089883781854541,7.053411371237421,24.0,705.341137123742,300
haar_random,3,1,clifford,5,IIX,0.48186226207980065,0.47999999999999926,0.0018622620798013911,10.604949832775857,24.0,1060.4949832775856,300
haar_random,3,1,seeqst,0,IYI,0.12597342190846264,0.0,0.12597342190846264,11.986622073578594,,1198.6622073578592,300
haar_random,3,1,seeqst,1,IZI,-0.20967896325880853,-0.32,0.11032103674119148,1.9307023411371214,,193.0702341137121,300
haar_random,3,1,seeqst,2,IZI,-0.20967896325880853,-0.32,0.11032103674119148,1.9307023411371214,,193.0702341137121,300
haar_random,3,1,seeqst,3,ZII,-0.5120019785830414,-0.52,0.0079980214169586,1.6818729096989964,,168.1872909698996,300
haar_random,3,1,seeqst,4,IIY,-0.4791011621814538,-0.37333333333333335,0.10576782884812047,10.990590858416878,,1099.0590858416876,300
haar_random,3,1,seeqst,5,IIX,0.48186226207980065,0.5866666666666667,0.10480440458686602,19.346978818283294,,1934.697881828329,300
haar_random,3,2,pauli,0,YIZ,-0.03196298847533177,-0.08999999999999998,0.05803701152466821,10.015284280936461,9.0,1001.5284280936459,300
haar_random,3,2,pauli,1,IZX,0.022940344072806554,0.14999999999999994,0.12705965592719337,7.8336120401337945,9.0,783.3612040133793,300
haar_random,3,2,pauli,2,ZXI,-0.5420676535761713,-0.5099999999999999,0.03206765357617136,7.053411371237433,9.0,705.3411371237432,300
haar_random,3,2,pauli,3,IYX,0.49309038908150593,0.4799999999999999,0.013090389081506004,10.063143812708981,9.0,1006.3143812708979,300
haar_random,3,2,pauli,4,YIY,0.09678308607005001,0.29999999999999993,0.20321691392994992,6.953177257525067,9.0,695.3177257525066,300
haar_random,3,2,pauli,5,XIY,0.31711407797544017,0.23999999999999996,0.0771140779754402,8.611103678929803,9.0,861.1103678929801,300
haar_random,3,2,clifford,0,YIZ,-0.03196298847533177,-0.17999999999999994,0.14803701152466817,10.261806020066905,24.0,1026.1806020066902,300
haar_random,3,2,clifford,1,IZX,0.022940344072806554,-0.1499999999999998,0.17294034407280634,8.37541806020067,24.0,837.5418060200667,300
haar_random,3,2,clifford,2,ZXI,-0.5420676535761713,-0.5099999999999993,0.03206765357617192,9.762441471571858,24.0,976.2441471571856,300
haar_random,3,2,clifford,3,IYX,0.49309038908150593,0.4499999999999996,0.04309038908150631,9.278428093645465,24.0,927.8428093645463,300
haar_random,3,2,clifford,4,YIY,0.09678308607005001,0.029999999999999912,0.0667830860700501,6.771672240802662,24.0,677.167224080266,300
haar_random,3,2,clifford,5,XIY,0.31711407797544017,0.2399999999999997,0.07711407797544045,6.985685618729113,24.0,698.5685618729112,300
haar_random,3,2,seeqst,0,YIZ,-0.03196298847533177,0.0,0.03196298847533177,13.698996655518394,,1369.8996655518392,300
haar_random,3,2,seeqst,1,IZX,0.022940344072806554,-0.10666666666666667,0.12960701073947323,18.824704570791564,,1882.470457079156,300
haar_random,3,2,seeqst,2,ZXI,-0.5420676535761713,-0.64,0.09793234642382875,18.425150501672213,,1842.515050167221,300
haar_random,3,2,seeqst,3,IYX,0.49309038908150593,0.6933333333333334,0.20024294425182743,15.785239687848476,,1578.5239687848473,300
haar_random,3,2,seeqst,4,YIY,0.09678308607005001,0.0,0.09678308607005001,10.274247491638796,,1027.4247491638794,300
haar_random,3,2,seeqst,5,XIY,0.31711407797544017,0.7466666666666667,0.42955258869122653,13.139620958751403,,1313.96209587514,300
haar_random,3,3,pauli,0,ZZX,0.09305416219949104,0.8099999999999999,0.7169458378005089,26.161103678929855,27.0,2616.110367892985,300
haar_random,3,3,pauli,1,ZYY,-0.08838332163966373,-0.3599999999999999,0.27161667836033615,34.00374581939815,27.0,3400.374581939814,300
haar_random,3,3,pauli,2,YZX,-0.36074334578963785,-0.3599999999999999,0.0007433457896379725,34.003745819398155,27.0,3400.374581939815,300
haar_random,3,3,pauli,3,ZXY,0.4596989866193084,0.8099999999999998,0.3503010133806914,40.78986622073585,27.0,4078.9866220735844,300
haar_random,3,3,pauli,4,ZXY,0.4596989866193084,0.8099999999999998,0.3503010133806914,40.78986622073585,27.0,4078.9866220735844,300
haar_random,3,3,pauli,5,YXX,0.35333736815429395,-0.08999999999999998,0.4433373681542939,17.058762541806022,27.0,1705.8762541806018,300
haar_random,3,3,clifford,0,ZZX,0.09305416219949104,0.11999999999999976,0.026945837800508715,10.82167224080267,24.0,1082.1672240802668,300
haar_random,3,3,clifford,1,ZYY,-0.08838332163966373,-0.4199999999999996,0.33161667836033587,11.200936454849435,24.0,1120.0936454849432,300
haar_random,3,3,clifford,2,YZX,-0.36074334578963785,-0.29999999999999977,0.06074334578963808,7.494983277591958,24.0,749.4983277591956,300
haar_random,3,3,clifford,3,ZXY,0.4596989866193084,0.7799999999999995,0.32030101338069106,11.3092976588629,24.0,1130.9297658862897,300
haar_random,3,3,clifford,4,ZXY,0.4596989866193084,0.7799999999999995,0.32030101338069106,11.3092976588629,24.0,1130.9297658862897,300
haar_random,3,3,clifford,5,YXX,0.35333736815429395,0.3599999999999996,0.006662631845705647,9.080668896321084,24.0,908.0668896321082,300
haar_random,3,3,seeqst,0,ZZX,0.09305416219949104,0.10666666666666667,0.013612504467175629,17.11232998885177,,1711.2329988851766,300
haar_random,3,3,seeqst,1,ZYY,-0.08838332163966373,0.21333333333333335,0.30171665497299704,22.21520624303239,,2221.5206243032385,300
haar_random,3,3,seeqst,2,YZX,-0.36074334578963785,-0.7466666666666667,0.38592332087702885,21.7014938684504,,2170.1493868450393,300
haar_random,3,3,seeqst,3,ZXY,0.4596989866193084,0.16,0.2996989866193084,17.954247491638757,,1795.4247491638753,300
haar_random,3,3,seeqst,4,ZXY,0.4596989866193084,0.16,0.2996989866193084,17.954247491638757,,1795.4247491638753,300
haar_random,3,3,seeqst,5,YXX,0.35333736815429395,0.16,0.19333736815429395,16.241872909698955,,1624.1872909698952,300
haar_random,4,1,pauli,0,IIIZ,-0.051159953977556155,0.09999999999999995,0.1511599539775561,3.180602006688955,3.0,318.06020066889545,300
haar_random,4,1,pauli,1,IIYI,-0.01120516786684336,-0.1,0.08879483213315664,2.698996655518387,3.0,269.8996655518386,300
haar_random,4,1,pauli,2,IIYI,-0.01120516786684336,-0.1,0.08879483213315664,2.698996655518387,3.0,269.8996655518386,300
haar_random,4,1,pauli,3,ZIII,-0.19304413641751195,-0.33,0.13695586358248807,2.7502675585284186,3.0,275.0267558528418,300
haar_random,4,1,pauli,4,YIII,0.02037617233085895,0.06999999999999998,0.04962382766914103,2.674013377926422,3.0,267.40133779264215,300
haar_random,4,1,pauli,5,IXII,-0.10834808734011775,-0.15999999999999995,0.0516519126598822,2.8639464882943284,3.0,286.3946488294328,300
haar_random,4,1,clifford,0,IIIZ,-0.051159953977556155,-0.11333333333333326,0.0621733793557771,15.451995540691174,48.0,1545.199554069117,300
haar_random,4,1,clifford,1,IIYI,-0.01120516786684336,-0.05666666666666668,0.04546149879982332,22.227547380156054,48.0,2222.7547380156047,300
haar_random,4,1,clifford,2,IIYI,-0.01120516786684336,-0.05666666666666668,0.04546149879982332,22.227547380156054,48.0,2222.7547380156047,300
haar_random,4,1,clifford,3,ZIII,-0.19304413641751195,-0.1699999999999999,0.023044136417512046,14.469331103678826,48.0,1446.9331103678824,300
haar_random,4,1,clifford,4,YIII,0.02037617233085895,-0.2833333333333331,0.3037095056641921,16.350891861761408,48.0,1635.0891861761404,300
haar_random,4,1,clifford,5,IXII,-0.10834808734011775,0.05666666666666676,0.1650147540067845,20.294437012263067,48.0,2029.4437012263063,300
haar_random,4,1,seeqst,0,IIIZ,-0.051159953977556155,-0.026666666666666637,0.024493287310889518,1.9524637681159434,,195.2463768115943,300
haar_random,4,1,seeqst,1,IIYI,-0.01120516786684336,-0.10666666666666667,0.09546149879982331,10.262831661092573,,1026.283166109257,300
haar_random,4,1,seeqst,2,IIYI,-0.01120516786684336,-0.10666666666666667,0.09546149879982331,10.262831661092573,,1026.283166109257,300
haar_random,4,1,seeqst,3,ZIII,-0.19304413641751195,-0.04666666666666669,0.14637746975084526,1.9376142697881829,,193.76142697881824,300
haar_random,4,1,seeqst,4,YIII,0.02037617233085895,0.0,0.02037617233085895,13.698996655518394,,1369.8996655518392,300
haar_random,4,1,seeqst,5,IXII,-0.10834808734011775,0.0,0.10834808734011775,34.247491638795985,,3424.7491638795977,300
haar_random,4,2,pauli,0,IIYY,0.14073123702233287,0.05999999999999998,0.0807312370223329,8.665284280936454,9.0,866.5284280936453,300
haar_random,4,2,pauli,1,IXXI,-0.19860276896408893,-0.4499999999999999,0.25139723103591094,9.820234113712344,9.0,982.0234113712341,300
haar_random,4,2,pauli,2,IIXY,-0.3289290002306571,-0.11999999999999995,0.20892900023065714,9.196254180602018,9.0,919.6254180602017,300
haar_random,4,2,pauli,3,IIZZ,-0.0344539413741039,-0.05999999999999995,0.025546058625896047,8.123478260869565,9.0,812.3478260869563,300
haar_random,4,2,pauli,4,IIXY,-0.3289290002306571,-0.11999999999999995,0.20892900023065714,9.196254180602018,9.0,919.6254180602017,300
haar_random,4,2,pauli,5,ZXII,0.2972666317291338,0.11999999999999995,0.17726663172913387,8.654448160535127,9.0,865.4448160535126,300
haar_random,4,2,clifford,0,IIYY,0.14073123702233287,0.39666666666666633,0.25593542964433347,14.340457079152653,48.0,1434.045707915265,300
haar_random,4,2,clifford,1,IXXI,-0.19860276896408893,-0.5099999999999996,0.31139723103591066,20.03668896321075,48.0,2003.6688963210747,300
haar_random,4,2,clifford,2,IIXY,-0.3289290002306571,-0.39666666666666633,0.06773766643600926,27.872229654403643,48.0,2787.2229654403636,300
haar_random,4,2,clifford,3,IIZZ,-0.0344539413741039,0.453333333333333,0.4877872747074369,19.124905239687898,48.0,1912.4905239687894,300
haar_random,4,2,clifford,4,IIXY,-0.3289290002306571,-0.39666666666666633,0.06773766643600926,27.872229654403643,48.0,2787.2229654403636,300
haar_random,4,2,clifford,5,ZXII,0.2972666317291338,0.28333333333333305,0.013933298395800764,16.35089186176143,48.0,1635.0891861761427,300
haar_random,4,2,seeqst,0,IIYY,0.14073123702233287,0.32,0.17926876297766714,23.870501672240746,,2387.050167224074,300
haar_random,4,2,seeqst,1,IXXI,-0.19860276896408893,-0.32,0.12139723103591107,23.870501672240675,,2387.050167224067,300
haar_random,4,2,seeqst,2,IIXY,-0.3289290002306571,-0.4266666666666667,0.09773766643600962,27.215340022296626,,2721.5340022296623,300
haar_random,4,2,seeqst,3,IIZZ,-0.0344539413741039,-0.07333333333333333,0.03887939195922943,1.9076477146042348,,190.76477146042345,300
haar_random,4,2,seeqst,4,IIXY,-0.3289290002306571,-0.4266666666666667,0.09773766643600962,27.215340022296626,,2721.5340022296623,300
haar_random,4,2,seeqst,5,ZXII,0.2972666317291338,0.8533333333333334,0.5560667016041996,33.51687848383509,,3351.6878483835085,300
haar_random,4,3,pauli,0,YYIZ,-0.12234154097307436,-0.2699999999999999,0.14765845902692554,41.37501672240783,27.0,4137.501672240782,300
haar_random,4,3,pauli,1,ZZIY,-0.3816084000760781,-1.1842378929335004e-17,0.3816084000760781,14.628762541806012,27.0,1462.8762541806009,300
haar_random,4,3,pauli,2,ZZYI,-0.11070688835094775,0.2699999999999999,0.3807068883509477,21.870000000000047,27.0,2187.000000000004,300
haar_random,4,3,pauli,3,YIZZ,-0.3894785587685752,-0.3599999999999999,0.029478558768575303,29.127491638796116,27.0,2912.749163879611,300
haar_random,4,3,pauli,4,IXZZ,0.08925921320569444,0.3599999999999998,0.27074078679430535,29.127491638796137,27.0,2912.749163879613,300
haar_random,4,3,pauli,5,ZXZI,-0.11386923901603249,-0.5399999999999998,0.4261307609839673,33.841204013377904,27.0,3384.1204013377896,300
haar_random,4,3,clifford,0,YYIZ,-0.12234154097307436,-0.16999999999999976,0.04765845902692541,12.536220735785866,48.0,1253.6220735785864,300
haar_random,4,3,clifford,1,ZZIY,-0.3816084000760781,-0.5099999999999995,0.12839159992392135,14.237357859531718,48.0,1423.7357859531714,300
haar_random,4,3,clifford,2,ZZYI,-0.11070688835094775,5.667649842065585e-17,0.1107068883509478,11.598662207357837,48.0,1159.8662207357834,300
haar_random,4,3,clifford,3,YIZZ,-0.3894785587685752,-0.22666666666666638,0.1628118921019088,19.279554069119285,48.0,1927.955406911928,300
haar_random,4,3,clifford,4,IXZZ,0.08925921320569444,-0.16999999999999985,0.2592592132056943,22.201772575250892,48.0,2220.177257525089,300
haar_random,4,3,clifford,5,ZXZI,-0.11386923901603249,-0.283333333333333,0.1694640943173005,20.217112597547395,48.0,2021.711259754739,300
haar_random,4,3,seeqst,0,YYIZ,-0.12234154097307436,0.7466666666666667,0.8690082076397411,64.51085841694483,,6451.085841694481,300
haar_random,4,3,seeqst,1,ZZIY,-0.3816084000760781,0.0,0.3816084000760781,27.39799331103679,,2739.7993311036785,300
haar_random,4,3,seeqst,2,ZZYI,-0.11070688835094775,0.32,0.4307068883509477,37.569498327759106,,3756.9498327759097,300
haar_random,4,3,seeqst,3,YIZZ,-0.3894785587685752,-0.96,0.5705214412314248,36.74755852842793,,3674.755852842792,300
haar_random,4,3,seeqst,4,IXZZ,0.08925921320569444,0.10666666666666667,0.017407453460972236,30.811326644370013,,3081.1326644370006,300
haar_random,4,3,seeqst,5,ZXZI,-0.11386923901603249,-0.32,0.20613076098396751,30.71999999999996,,3071.9999999999955,300
haar_random,4,4,pauli,0,YZYX,-0.2930481513177231,-0.8099999999999996,0.5169518486822765,65.17113712374582,81.0,6517.113712374581,300
haar_random,4,4,pauli,1,XZYZ,0.3713097319974124,0.8099999999999996,0.4386902680025872,109.05742474916387,81.0,10905.742474916386,300
haar_random,4,4,pauli,2,YZXX,-0.01105735106795169,0.0,0.01105735106795169,131.65886287625403,81.0,13165.8862876254,300
haar_random,4,4,pauli,3,ZXZX,0.565750500759533,0.26999999999999985,0.2957505007595332,21.87000000000003,81.0,2187.0000000000027,300
haar_random,4,4,pauli,4,YXYX,0.07160658374746748,-0.2699999999999998,0.3416065837474673,65.75628762541754,81.0,6575.628762541753,300
haar_random,4,4,pauli,5,XZXY,-0.10568847770680798,0.26999999999999985,0.3756884777068078,109.64257525083538,81.0,10964.257525083536,300
haar_random,4,4,clifford,0,YZYX,-0.2930481513177231,-0.45333333333333287,0.16028518201560976,15.258684503901904,48.0,1525.86845039019,300
haar_random,4,4,clifford,1,XZYZ,0.3713097319974124,0.45333333333333287,0.08202360133592046,28.790457079152755,48.0,2879.0457079152748,300
haar_random,4,4,clifford,2,YZXX,-0.01105735106795169,0.22666666666666657,0.23772401773461826,13.48022296544036,48.0,1348.0222965440357,300
haar_random,4,4,clifford,3,ZXZX,0.565750500759533,0.8499999999999992,0.28424949924046616,13.77341137123739,48.0,1377.3411371237387,300
haar_random,4,4,clifford,4,YXYX,0.07160658374746748,-0.16999999999999985,0.24160658374746732,12.536220735785879,48.0,1253.6220735785876,300
haar_random,4,4,clifford,5,XZXY,-0.10568847770680798,-0.11333333333333319,0.007644855626525213,23.18443701226306,48.0,2318.4437012263056,300
haar_random,4,4,seeqst,0,YZYX,-0.2930481513177231,-0.10666666666666667,0.18638148465105642,30.811326644370126,,3081.132664437012,300
haar_random,4,4,seeqst,1,XZYZ,0.3713097319974124,0.10666666666666667,0.2646430653307457,23.96182831661099,,2396.1828316610986,300
haar_random,4,4,seeqst,2,YZXX,-0.01105735106795169,0.10666666666666667,0.11772401773461837,30.811326644370084,,3081.132664437008,300
haar_random,4,4,seeqst,3,ZXZX,0.565750500759533,0.21333333333333335,0.35241716742619966,27.35232998885176,,2735.2329988851757,300
haar_random,4,4,seeqst,4,YXYX,0.07160658374746748,0.64,0.5683934162525326,33.83652173913052,,3383.6521739130512,300
haar_random,4,4,seeqst,5,XZXY,-0.10568847770680798,0.10666666666666667,0.21235514437347464,30.811326644369988,,3081.1326644369983,300
ghz,2,1,pauli,0,IZ,0.0,-0.08,0.08,3.2444147157190546,3.0,324.4414715719054,300
ghz,2,1,pauli,1,XI,0.0,-0.009999999999999993,0.009999999999999993,2.678829431438115,3.0,267.8829431438114,300
ghz,2,1,pauli,2,IX,0.0,-0.05999999999999999,0.05999999999999999,3.006421404682278,3.0,300.64214046822775,300
ghz,2,1,pauli,3,IX,0.0,-0.05999999999999999,0.05999999999999999,3.006421404682278,3.0,300.64214046822775,300
ghz,2,1,pauli,4,ZI,0.0,-0.03,0.03,3.280033444816055,3.0,328.00334448160544,300
ghz,2,1,pauli,5,IY,0.0,0.05999999999999999,0.05999999999999999,2.765618729096994,3.0,276.56187290969933,300
ghz,2,1,clifford,0,IZ,0.0,-0.033333333333333305,0.033333333333333305,5.015607580824974,12.0,501.56075808249733,300
ghz,2,1,clifford,1,XI,0.0,-0.09999999999999998,0.09999999999999998,4.839464882943135,12.0,483.9464882943134,300
ghz,2,1,clifford,2,IX,0.0,-0.1999999999999999,0.1999999999999999,5.478260869565191,12.0,547.826086956519,300
ghz,2,1,clifford,3,IX,0.0,-0.1999999999999999,0.1999999999999999,5.478260869565191,12.0,547.826086956519,300
ghz,2,1,clifford,4,ZI,0.0,0.05,0.05,5.432274247491668,12.0,543.2274247491666,300
ghz,2,1,clifford,5,IY,0.0,0.03333333333333333,0.03333333333333333,4.848383500557419,12.0,484.8383500557418,300
ghz,2,1,seeqst,0,IZ,0.0,-0.05333333333333334,0.05333333333333334,1.7897881828316644,,178.97881828316642,300
ghz,2,1,seeqst,1,XI,0.0,-0.13333333333333333,0.13333333333333333,7.04570791527316,,704.5707915273158,300
ghz,2,1,seeqst,2,IX,0.0,0.0,0.0,8.133779264214047,,813.3779264214045,300
ghz,2,1,seeqst,3,IX,0.0,0.0,0.0,8.133779264214047,,813.3779264214045,300
ghz,2,1,seeqst,4,ZI,0.0,-0.006666666666666705,0.006666666666666705,2.127045707915276,,212.70457079152757,300
ghz,2,1,seeqst,5,IY,0.0,0.08,0.08,10.481872909699057,,1048.1872909699055,300
ghz,2,2,pauli,0,YX,0.0,-0.29999999999999993,0.29999999999999993,8.03678929765885,9.0,803.6789297658847,300
ghz,2,2,pauli,1,XX,0.9999999999999998,1.2599999999999998,0.26,9.785016722407992,9.0,978.5016722407989,300
ghz,2,2,pauli,2,YY,-0.9999999999999998,-1.1099999999999999,0.1100000000000001,8.787190635451516,9.0,878.7190635451515,300
ghz,2,2,pauli,3,YZ,0.0,-0.35999999999999993,0.35999999999999993,10.706086956521819,9.0,1070.6086956521817,300
ghz,2,2,pauli,4,XY,0.0,0.38999999999999996,0.38999999999999996,7.703578595317714,9.0,770.3578595317712,300
ghz,2,2,pauli,5,XX,0.9999999999999998,1.2599999999999998,0.26,9.785016722407992,9.0,978.5016722407989,300
ghz,2,2,clifford,0,YX,0.0,0.08333333333333333,0.08333333333333333,4.424470457079144,12.0,442.4470457079143,300
ghz,2,2,clifford,1,XX,0.9999999999999998,1.0499999999999998,0.050000000000000044,4.161371237458171,12.0,416.13712374581706,300
ghz,2,2,clifford,2,YY,-0.9999999999999998,-0.8999999999999998,0.09999999999999998,3.702341137123716,12.0,370.23411371237154,300
ghz,2,2,clifford,3,YZ,0.0,-0.14999999999999994,0.14999999999999994,5.412207357859547,12.0,541.2207357859546,300
ghz,2,2,clifford,4,XY,0.0,0.16666666666666663,0.16666666666666663,4.319955406911944,12.0,431.9955406911944,300
ghz,2,2,clifford,5,XX,0.9999999999999998,1.0499999999999998,0.050000000000000044,4.161371237458171,12.0,416.13712374581706,300
ghz,2,2,seeqst,0,YX,0.0,0.10666666666666667,0.10666666666666667,7.694269788182871,,769.426978818287,300
ghz,2,2,seeqst,1,XX,0.9999999999999998,1.0133333333333334,0.013333333333333641,7.10350055741358,,710.3500557413578,300
ghz,2,2,seeqst,2,YY,-0.9999999999999998,-1.0133333333333334,0.013333333333333641,7.10350055741358,,710.3500557413578,300
ghz,2,2,seeqst,3,YZ,0.0,-0.10666666666666667,0.10666666666666667,9.406644370122672,,940.6644370122671,300
ghz,2,2,seeqst,4,XY,0.0,0.10666666666666667,0.10666666666666667,7.694269788182871,,769.426978818287,300
ghz,2,2,seeqst,5,XX,0.9999999999999998,1.0133333333333334,0.013333333333333641,7.10350055741358,,710.3500557413578,300
ghz,3,1,pauli,0,IXI,0.0,0.04999999999999998,0.04999999999999998,3.0978260869565344,3.0,309.7826086956534,300
ghz,3,1,pauli,1,IXI,0.0,0.04999999999999998,0.04999999999999998,3.0978260869565344,3.0,309.7826086956534,300
ghz,3,1,pauli,2,IIX,0.0,-0.14999999999999997,0.14999999999999997,3.3185618729097013,3.0,331.85618729097007,300
ghz,3,1,pauli,3,IIY,0.0,0.10999999999999996,0.10999999999999996,3.1483946488294303,3.0,314.839464882943,300
ghz,3,1,pauli,4,ZII,0.0,0.10999999999999997,0.10999999999999997,3.088193979933112,3.0,308.81939799331116,300
ghz,3,1,pauli,5,IIY,0.0,0.10999999999999996,0.10999999999999996,3.1483946488294303,3.0,314.839464882943,300
ghz,3,1,clifford,0,IXI,0.0,-0.03,0.03,6.771672240802662,24.0,677.167224080266,300
ghz,3,1,clifford,1,IXI,0.0,-0.03,0.03,6.771672240802662,24.0,677.167224080266,300
ghz,3,1,clifford,2,IIX,0.0,0.11999999999999988,0.11999999999999988,9.73806020066889,24.0,973.8060200668889,300
ghz,3,1,clifford,3,IIY,0.0,-0.1799999999999998,0.1799999999999998,4.301939799331133,24.0,430.1939799331132,300
ghz,3,1,clifford,4,ZII,0.0,4.7369515717340015e-17,4.7369515717340015e-17,6.5016722408026615,24.0,650.167224080266,300
ghz,3,1,clifford,5,IIY,0.0,-0.1799999999999998,0.1799999999999998,4.301939799331133,24.0,430.1939799331132,300
ghz,3,1,seeqst,0,IXI,0.0,0.37333333333333335,0.37333333333333335,10.990590858416873,,1099.059085841687,300
ghz,3,1,seeqst,1,IXI,0.0,0.37333333333333335,0.37333333333333335,10.990590858416873,,1099.059085841687,300
ghz,3,1,seeqst,2,IIX,0.0,-0.21333333333333335,0.21333333333333335,20.502831661092596,,2050.283166109259,300
ghz,3,1,seeqst,3,IIY,0.0,0.32,0.32,15.308628762541817,,1530.8628762541814,300
ghz,3,1,seeqst,4,ZII,0.0,0.013333333333333312,0.013333333333333312,1.9529988851727942,,195.29988851727938,300
ghz,3,1,seeqst,5,IIY,0.0,0.32,0.32,15.308628762541817,,1530.8628762541814,300
ghz,3,2,pauli,0,IYY,0.0,0.26999999999999996,0.26999999999999996,7.241237458193945,9.0,724.1237458193943,300
ghz,3,2,pauli,1,IZZ,0.9999999999999998,1.05,0.050000000000000266,8.375418060200634,9.0,837.5418060200632,300
ghz,3,2,pauli,2,XXI,0.0,0.0,0.0,8.127090301003342,9.0,812.7090301003341,300
ghz,3,2,pauli,3,YZI,0.0,0.26999999999999996,0.26999999999999996,7.241237458193959,9.0,724.1237458193958,300
ghz,3,2,pauli,4,ZIX,0.0,0.05999999999999994,0.05999999999999994,9.207090301003346,9.0,920.7090301003344,300
ghz,3,2,pauli,5,ZIX,0.0,0.05999999999999994,0.05999999999999994,9.207090301003346,9.0,920.7090301003344,300
ghz,3,2,clifford,0,IYY,0.0,-0.03,0.03,6.771672240802665,24.0,677.1672240802664,300
ghz,3,2,clifford,1,IZZ,0.9999999999999998,0.9899999999999994,0.010000000000000342,7.956421404682272,24.0,795.6421404682271,300
ghz,3,2,clifford,2,XXI,0.0,0.1499999999999998,0.1499999999999998,6.750000000000008,24.0,675.0000000000007,300
ghz,3,2,clifford,3,YZI,0.0,-0.1799999999999998,0.1799999999999998,8.094581939799342,24.0,809.4581939799341,300
ghz,3,2,clifford,4,ZIX,0.0,0.029999999999999888,0.029999999999999888,8.938896321070214,24.0,893.8896321070212,300
ghz,3,2,clifford,5,ZIX,0.0,0.029999999999999888,0.029999999999999888,8.938896321070214,24.0,893.8896321070212,300
ghz,3,2,seeqst,0,IYY,0.0,0.16,0.16,16.241872909698948,,1624.1872909698945,300
ghz,3,2,seeqst,1,IZZ,0.9999999999999998,1.0866666666666667,0.08666666666666689,0.995808249721289,,99.58082497212888,300
ghz,3,2,seeqst,2,XXI,0.0,-0.05333333333333334,0.05333333333333334,12.839955406911834,,1283.9955406911831,300
ghz,3,2,seeqst,3,YZI,0.0,-0.21333333333333335,0.21333333333333335,17.07808249721289,,1707.8082497212886,300
ghz,3,2,seeqst,4,ZIX,0.0,-0.37333333333333335,0.37333333333333335,16.127714604236232,,1612.7714604236228,300
ghz,3,2,seeqst,5,ZIX,0.0,-0.37333333333333335,0.37333333333333335,16.127714604236232,,1612.7714604236228,300
ghz,3,3,pauli,0,XYX,0.0,0.3599999999999999,0.3599999999999999,24.25123745819414,27.0,2425.1237458194137,300
ghz,3,3,pauli,1,ZZZ,0.0,0.0,0.0,24.381270903010034,27.0,2438.1270903010027,300
ghz,3,3,pauli,2,ZYY,0.0,0.4499999999999998,0.4499999999999998,41.244983277591736,27.0,4124.498327759173,300
ghz,3,3,pauli,3,ZYX,0.0,0.08999999999999998,0.08999999999999998,41.4400334448157,27.0,4144.003344481569,300
ghz,3,3,pauli,4,XXX,0.9999999999999998,1.1699999999999997,0.16999999999999993,30.322173913043613,27.0,3032.2173913043607,300
ghz,3,3,pauli,5,YZX,0.0,-0.2699999999999999,0.2699999999999999,21.870000000000076,27.0,2187.0000000000073,300
ghz,3,3,clifford,0,XYX,0.0,-0.059999999999999915,0.059999999999999915,11.374314381270883,24.0,1137.431438127088,300
ghz,3,3,clifford,1,ZZZ,0.0,0.08999999999999993,0.08999999999999993,10.015284280936443,24.0,1001.5284280936442,300
ghz,3,3,clifford,2,ZYY,0.0,-0.11999999999999979,0.11999999999999979,9.196254180602002,24.0,919.6254180602001,300
ghz,3,3,clifford,3,ZYX,0.0,0.06,0.06,9.74889632107022,24.0,974.8896321070217,300
ghz,3,3,clifford,4,XXX,0.9999999999999998,0.8699999999999994,0.13000000000000034,7.09675585284283,24.0,709.6755852842829,300
ghz,3,3,clifford,5,YZX,0.0,-0.29999999999999954,0.29999999999999954,8.578595317725725,24.0,857.8595317725723,300
ghz,3,3,seeqst,0,XYX,0.0,0.0,0.0,18.836120401337794,,1883.6120401337791,300
ghz,3,3,seeqst,1,ZZZ,0.0,-0.02666666666666667,0.02666666666666667,2.166510590858413,,216.65105908584127,300
ghz,3,3,seeqst,2,ZYY,0.0,0.10666666666666667,0.10666666666666667,18.824704570791585,,1882.4704570791582,300
ghz,3,3,seeqst,3,ZYX,0.0,0.4266666666666667,0.4266666666666667,23.790590858417044,,2379.059085841704,300
ghz,3,3,seeqst,4,XXX,0.9999999999999998,0.8,0.19999999999999973,12.200668896321076,,1220.0668896321074,300
ghz,3,3,seeqst,5,YZX,0.0,0.32,0.32,10.17150501672244,,1017.1505016722438,300
ghz,4,1,pauli,0,IIIX,0.0,-0.08999999999999998,0.08999999999999998,3.0320066889632136,3.0,303.2006688963213,300
ghz,4,1,pauli,1,YIII,0.0,-0.10999999999999997,0.10999999999999997,2.907591973244151,3.0,290.759197324415,300
ghz,4,1,pauli,2,IIIZ,0.0,-0.020000000000000042,0.020000000000000042,3.069832775919742,3.0,306.9832775919742,300
ghz,4,1,pauli,3,XIII,0.0,0.13999999999999996,0.13999999999999996,3.170969899665541,3.0,317.0969899665541,300
ghz,4,1,pauli,4,IIIX,0.0,-0.08999999999999998,0.08999999999999998,3.0320066889632136,3.0,303.2006688963213,300
ghz,4,1,pauli,5,IIIX,0.0,-0.08999999999999998,0.08999999999999998,3.0320066889632136,3.0,303.2006688963213,300
ghz,4,1,clifford,0,IIIX,0.0,-0.11333333333333315,0.11333333333333315,25.11754738015604,48.0,2511.7547380156034,300
ghz,4,1,clifford,1,YIII,0.0,0.3399999999999997,0.3399999999999997,15.348896321070255,48.0,1534.8896321070251,300
ghz,4,1,clifford,2,IIIZ,0.0,0.11333333333333312,0.11333333333333312,13.518885172798203,48.0,1351.88851727982,300
ghz,4,1,clifford,3,XIII,0.0,0.16999999999999985,0.16999999999999985,20.268662207357803,48.0,2026.86622073578,300
ghz,4,1,clifford,4,IIIX,0.0,-0.11333333333333315,0.11333333333333315,25.11754738015604,48.0,2511.7547380156034,300
ghz,4,1,clifford,5,IIIX,0.0,-0.11333333333333315,0.11333333333333315,25.11754738015604,48.0,2511.7547380156034,300
ghz,4,1,seeqst,0,IIIX,0.0,-0.10666666666666667,0.10666666666666667,44.51032329988821,,4451.0323299888205,300
ghz,4,1,seeqst,1,YIII,0.0,-0.32,0.32,17.021003344481635,,1702.100334448163,300
ghz,4,1,seeqst,2,IIIZ,0.0,-0.05333333333333334,0.05333333333333334,2.03059085841695,,203.05908584169498,300
ghz,4,1,seeqst,3,XIII,0.0,-0.32,0.32,51.26849498327743,,5126.8494983277415,300
ghz,4,1,seeqst,4,IIIX,0.0,-0.10666666666666667,0.10666666666666667,44.51032329988821,,4451.0323299888205,300
ghz,4,1,seeqst,5,IIIX,0.0,-0.10666666666666667,0.10666666666666667,44.51032329988821,,4451.0323299888205,300
ghz,4,2,pauli,0,XIIX,0.0,-0.029999999999999964,0.029999999999999964,9.48070234113712,9.0,948.0702341137118,300
ghz,4,2,pauli,1,IXYI,0.0,0.1499999999999999,0.1499999999999999,11.084448160535128,9.0,1108.4448160535126,300
ghz,4,2,pauli,2,XXII,0.0,-0.32999999999999985,0.32999999999999985,9.914147157190662,9.0,991.4147157190661,300
ghz,4,2,pauli,3,IXIZ,0.0,-0.20999999999999996,0.20999999999999996,8.353745819398027,9.0,835.3745819398025,300
ghz,4,2,pauli,4,XIXI,0.0,0.2999999999999999,0.2999999999999999,7.494983277591906,9.0,749.4983277591905,300
ghz,4,2,pauli,5,IYIY,0.0,5.921189464667502e-18,5.921189464667502e-18,8.127090301003342,9.0,812.7090301003341,300
ghz,4,2,clifford,0,XIIX,0.0,0.05666666666666656,0.05666666666666656,14.495105908584076,48.0,1449.5105908584073,300
ghz,4,2,clifford,1,IXYI,0.0,-2.9165342414816126e-17,2.9165342414816126e-17,13.531772575250807,48.0,1353.1772575250804,300
ghz,4,2,clifford,2,XXII,0.0,-0.2833333333333331,0.2833333333333331,12.484671125975368,48.0,1248.4671125975365,300
ghz,4,2,clifford,3,IXIZ,0.0,-0.16999999999999976,0.16999999999999976,20.268662207357824,48.0,2026.866220735782,300
ghz,4,2,clifford,4,XIXI,0.0,-0.11333333333333329,0.11333333333333329,11.58577480490523,48.0,1158.5774804905227,300
ghz,4,2,clifford,5,IYIY,0.0,-0.22666666666666638,0.22666666666666638,19.27955406911929,48.0,1927.9554069119285,300
ghz,4,2,seeqst,0,XIIX,0.0,0.32,0.32,10.171505016722406,,1017.1505016722405,300
ghz,4,2,seeqst,1,IXYI,0.0,-0.10666666666666667,0.10666666666666667,37.66082497212897,,3766.082497212896,300
ghz,4,2,seeqst,2,XXII,0.0,-0.32,0.32,37.569498327759064,,3756.9498327759056,300
ghz,4,2,seeqst,3,IXIZ,0.0,0.4266666666666667,0.4266666666666667,34.0648383500558,,3406.4838350055793,300
ghz,4,2,seeqst,4,XIXI,0.0,0.10666666666666667,0.10666666666666667,58.20931995540652,,5820.931995540651,300
ghz,4,2,seeqst,5,IYIY,0.0,0.21333333333333335,0.21333333333333335,47.90082497212957,,4790.082497212956,300
ghz,4,3,pauli,0,XYYI,0.0,0.44999999999999973,0.44999999999999973,36.3687290969899,27.0,3636.8729096989896,300
ghz,4,3,pauli,1,YIXX,0.0,0.35999999999999976,0.35999999999999976,43.756254180602134,27.0,4375.625418060213,300
ghz,4,3,pauli,2,IYYX,0.0,4.7369515717340015e-17,4.7369515717340015e-17,29.257525083612002,27.0,2925.7525083611995,300
ghz,4,3,pauli,3,XIYX,0.0,-0.26999999999999985,0.26999999999999985,26.746254180602072,27.0,2674.625418060207,300
ghz,4,3,pauli,4,YYIZ,0.0,0.17999999999999997,0.17999999999999997,34.101270903010054,27.0,3410.1270903010045,300
ghz,4,3,pauli,5,XIXY,0.0,-0.17999999999999983,0.17999999999999983,38.97752508361204,27.0,3897.7525083612036,300
ghz,4,3,clifford,0,XYYI,0.0,0.3966666666666663,0.3966666666666663,16.273567447045696,48.0,1627.3567447045693,300
ghz,4,3,clifford,1,YIXX,0.0,-0.11333333333333322,0.11333333333333322,7.719554069119281,48.0,771.955406911928,300
ghz,4,3,clifford,2,IYYX,0.0,-0.2266666666666665,0.2266666666666665,17.346443701226313,48.0,1734.644370122631,300
ghz,4,3,clifford,3,XIYX,0.0,-0.11333333333333333,0.11333333333333333,25.117547380156044,48.0,2511.754738015604,300
ghz,4,3,clifford,4,YYIZ,0.0,4.744004628431968e-17,4.744004628431968e-17,15.46488294314378,48.0,1546.4882943143775,300
ghz,4,3,clifford,5,XIXY,0.0,0.22666666666666632,0.22666666666666632,19.279554069119275,48.0,1927.9554069119272,300
ghz,4,3,seeqst,0,XYYI,0.0,-0.10666666666666667,0.10666666666666667,23.961828316610987,,2396.182831661098,300
ghz,4,3,seeqst,1,YIXX,0.0,-0.4266666666666667,0.4266666666666667,40.914336677814774,,4091.4336677814767,300
ghz,4,3,seeqst,2,IYYX,0.0,0.32,0.32,23.870501672240703,,2387.05016722407,300
ghz,4,3,seeqst,3,XIYX,0.0,-0.4266666666666667,0.4266666666666667,40.914336677814774,,4091.4336677814767,300
ghz,4,3,seeqst,4,YYIZ,0.0,0.0,0.0,34.247491638795985,,3424.7491638795977,300
ghz,4,3,seeqst,5,XIXY,0.0,-0.4266666666666667,0.4266666666666667,40.914336677814774,,4091.4336677814767,300
ghz,4,4,pauli,0,XXXZ,0.0,-1.0799999999999994,1.0799999999999994,86.60227424749097,81.0,8660.227424749095,300
ghz,4,4,pauli,1,YZYX,0.0,0.26999999999999985,0.26999999999999985,109.6425752508355,81.0,10964.257525083549,300
ghz,4,4,pauli,2,XZYY,0.0,-0.5399999999999998,0.5399999999999998,175.25257525083515,81.0,17525.25752508351,300
ghz,4,4,pauli,3,YYZY,0.0,0.26999999999999985,0.26999999999999985,65.7562876254175,81.0,6575.628762541749,300
ghz,4,4,pauli,4,YXYY,0.0,-0.2699999999999998,0.2699999999999998,65.75628762541766,81.0,6575.628762541764,300
ghz,4,4,pauli,5,XZYX,0.0,0.0,0.0,43.886287625418014,81.0,4388.628762541801,300
ghz,4,4,clifford,0,XXXZ,0.0,-1.1842378929335004e-17,1.1842378929335004e-17,21.2642140468227,48.0,2126.42140468227,300
ghz,4,4,clifford,1,YZYX,0.0,0.33999999999999964,0.33999999999999964,17.28200668896323,48.0,1728.2006688963224,300
ghz,4,4,clifford,2,XZYY,0.0,-0.16999999999999976,0.16999999999999976,16.402441471571827,48.0,1640.2441471571824,300
ghz,4,4,clifford,3,YYZY,0.0,-0.11333333333333309,0.11333333333333309,15.451995540691174,48.0,1545.199554069117,300
ghz,4,4,clifford,4,YXYY,0.0,2.5701318165377864e-36,2.5701318165377864e-36,11.598662207357838,48.0,1159.8662207357836,300
ghz,4,4,clifford,5,XZYX,0.0,-0.22666666666666666,0.22666666666666666,27.011995540691174,48.0,2701.199554069117,300
ghz,4,4,seeqst,0,XXXZ,0.0,-0.10666666666666667,0.10666666666666667,30.81132664436998,,3081.1326644369974,300
ghz,4,4,seeqst,1,YZYX,0.0,-0.32,0.32,37.569498327759085,,3756.949832775908,300
ghz,4,4,seeqst,2,XZYY,0.0,-0.32,0.32,37.569498327759085,,3756.949832775908,300
ghz,4,4,seeqst,3,YYZY,0.0,-0.10666666666666667,0.10666666666666667,37.66082497212931,,3766.0824972129303,300
ghz,4,4,seeqst,4,YXYY,0.0,0.0,0.0,27.39799331103679,,2739.7993311036785,300
ghz,4,4,seeqst,5,XZYX,0.0,0.32,0.32,58.11799331103659,,5811.799331103658,300
random_stabilizer,2,1,pauli,0,IX,0.0,0.010000000000000033,0.010000000000000033,3.0400334448160455,3.0,304.0033444816045,300
random_stabilizer,2,1,pauli,1,XI,0.0,-0.009999999999999974,0.009999999999999974,3.7624414715718966,3.0,376.24414715718956,300
random_stabilizer,2,1,pauli,2,XI,0.0,-0.009999999999999974,0.009999999999999974,3.7624414715718966,3.0,376.24414715718956,300
random_stabilizer,2,1,pauli,3,IX,0.0,0.010000000000000033,0.010000000000000033,3.0400334448160455,3.0,304.0033444816045,300
random_stabilizer,2,1,pauli,4,IX,0.0,0.010000000000000033,0.010000000000000033,3.0400334448160455,3.0,304.0033444816045,300
random_stabilizer,2,1,pauli,5,IY,0.0,-0.05999999999999999,0.05999999999999999,3.307424749163883,3.0,330.74247491638823,300
random_stabilizer,2,1,clifford,0,IX,0.0,-0.11666666666666667,0.11666666666666667,5.086677814938665,12.0,508.6677814938664,300
random_stabilizer,2,1,clifford,1,XI,0.0,0.14999999999999994,0.14999999999999994,4.408862876254199,12.0,440.8862876254198,300
random_stabilizer,2,1,clifford,2,XI,0.0,0.14999999999999994,0.14999999999999994,4.408862876254199,12.0,440.8862876254198,300
random_stabilizer,2,1,clifford,3,IX,0.0,-0.11666666666666667,0.11666666666666667,5.086677814938665,12.0,508.6677814938664,300
random_stabilizer,2,1,clifford,4,IX,0.0,-0.11666666666666667,0.11666666666666667,5.086677814938665,12.0,508.6677814938664,300
random_stabilizer,2,1,clifford,5,IY,0.0,-0.03333333333333336,0.03333333333333336,5.015607580824978,12.0,501.56075808249767,300
random_stabilizer,2,1,seeqst,0,IX,0.0,-0.16,0.16,9.392374581939775,,939.2374581939773,300
random_stabilizer,2,1,seeqst,1,XI,0.0,0.08,0.08,8.341404682274284,,834.1404682274282,300
random_stabilizer,2,1,seeqst,2,XI,0.0,0.08,0.08,8.341404682274284,,834.1404682274282,300
random_stabilizer,2,1,seeqst,3,IX,0.0,-0.16,0.16,9.392374581939775,,939.2374581939773,300
random_stabilizer,2,1,seeqst,4,IX,0.0,-0.16,0.16,9.392374581939775,,939.2374581939773,300
random_stabilizer,2,1,seeqst,5,IY,0.0,-0.13333333333333333,0.13333333333333333,7.473801560758096,,747.3801560758094,300
random_stabilizer,2,2,pauli,0,XY,-0.9999999999999996,-1.1099999999999999,0.11000000000000032,8.787190635451516,9.0,878.7190635451515,300
random_stabilizer,2,2,pauli,1,ZX,-0.9999999999999996,-1.1999999999999997,0.20000000000000018,9.391304347826125,9.0,939.1304347826124,300
random_stabilizer,2,2,pauli,2,YX,0.0,0.35999999999999993,0.35999999999999993,7.997056856187306,9.0,799.7056856187304,300
random_stabilizer,2,2,pauli,3,XY,-0.9999999999999996,-1.1099999999999999,0.11000000000000032,8.787190635451516,9.0,878.7190635451515,300
random_stabilizer,2,2,pauli,4,XY,-0.9999999999999996,-1.1099999999999999,0.11000000000000032,8.787190635451516,9.0,878.7190635451515,300
random_stabilizer,2,2,pauli,5,XX,0.0,-0.11999999999999995,0.11999999999999995,8.654448160535129,9.0,865.4448160535127,300
random_stabilizer,2,2,clifford,0,XY,-0.9999999999999996,-0.9833333333333332,0.016666666666666385,3.962931995540699,12.0,396.2931995540698,300
random_stabilizer,2,2,clifford,1,ZX,-0.9999999999999996,-0.9166666666666665,0.08333333333333304,3.755574136008937,12.0,375.55741360089365,300
random_stabilizer,2,2,clifford,2,YX,0.0,-0.08333333333333326,0.08333333333333326,5.595039018952037,12.0,559.5039018952036,300
random_stabilizer,2,2,clifford,3,XY,-0.9999999999999996,-0.9833333333333332,0.016666666666666385,3.962931995540699,12.0,396.2931995540698,300
random_stabilizer,2,2,clifford,4,XY,-0.9999999999999996,-0.9833333333333332,0.016666666666666385,3.962931995540699,12.0,396.2931995540698,300
random_stabilizer,2,2,clifford,5,XX,0.0,-0.06666666666666661,0.06666666666666661,4.176142697881816,12.0,417.6142697881815,300
random_stabilizer,2,2,seeqst,0,XY,-0.9999999999999996,-0.9866666666666667,0.013333333333332864,6.942965440356721,,694.296544035672,300
random_stabilizer,2,2,seeqst,1,ZX,-0.9999999999999996,-1.0666666666666667,0.0666666666666671,7.420289855072442,,742.028985507244,300
random_stabilizer,2,2,seeqst,2,YX,0.0,0.02666666666666667,0.02666666666666667,7.919018952062442,,791.901895206244,300
random_stabilizer,2,2,seeqst,3,XY,-0.9999999999999996,-0.9866666666666667,0.013333333333332864,6.942965440356721,,694.296544035672,300
random_stabilizer,2,2,seeqst,4,XY,-0.9999999999999996,-0.9866666666666667,0.013333333333332864,6.942965440356721,,694.296544035672,300
random_stabilizer,2,2,seeqst,5,XX,0.0,0.10666666666666667,0.10666666666666667,8.122363433667818,,812.2363433667816,300
random_stabilizer,3,1,pauli,0,IZI,0.0,-0.02999999999999999,0.02999999999999999,3.039230769230766,3.0,303.92307692307656,300
random_stabilizer,3,1,pauli,1,IIY,0.0,-0.14999999999999997,0.14999999999999997,3.4389632107023442,3.0,343.89632107023436,300
random_stabilizer,3,1,pauli,2,IYI,0.0,0.05999999999999996,0.05999999999999996,3.066622073578599,3.0,306.6622073578598,300
random_stabilizer,3,1,pauli,3,IIZ,0.0,0.05,0.05,2.857023411371246,3.0,285.7023411371245,300
random_stabilizer,3,1,pauli,4,ZII,0.0,-0.11,0.11,2.7871906354515072,3.0,278.7190635451507,300
random_stabilizer,3,1,pauli,5,IZI,0.0,-0.02999999999999999,0.02999999999999999,3.039230769230766,3.0,303.92307692307656,300
random_stabilizer,3,1,clifford,0,IZI,0.0,0.11999999999999998,0.11999999999999998,9.196254180602002,24.0,919.6254180602001,300
random_stabilizer,3,1,clifford,1,IIY,0.0,-0.11999999999999986,0.11999999999999986,11.36347826086956,24.0,1136.3478260869558,300
random_stabilizer,3,1,clifford,2,IYI,0.0,0.11999999999999998,0.11999999999999998,10.279866220735782,24.0,1027.986622073578,300
random_stabilizer,3,1,clifford,3,IIZ,0.0,0.17999999999999966,0.17999999999999966,8.63638795986624,24.0,863.6387959866239,300
random_stabilizer,3,1,clifford,4,ZII,0.0,0.11999999999999988,0.11999999999999988,8.112642140468228,24.0,811.2642140468226,300
random_stabilizer,3,1,clifford,5,IZI,0.0,0.11999999999999998,0.11999999999999998,9.196254180602002,24.0,919.6254180602001,300
random_stabilizer,3,1,seeqst,0,IZI,0.0,0.060000000000000026,0.060000000000000026,1.8559197324414745,,185.5919732441474,300
random_stabilizer,3,1,seeqst,1,IIY,0.0,0.4266666666666667,0.4266666666666667,16.941092530657766,,1694.1092530657763,300
random_stabilizer,3,1,seeqst,2,IYI,0.0,-0.26666666666666666,0.26666666666666666,14.483835005574,,1448.3835005573999,300
random_stabilizer,3,1,seeqst,3,IIZ,0.0,-0.09333333333333334,0.09333333333333334,1.8374136008918522,,183.74136008918518,300
random_stabilizer,3,1,seeqst,4,ZII,0.0,-0.02666666666666668,0.02666666666666668,2.112998885172797,,211.29988851727967,300
random_stabilizer,3,1,seeqst,5,IZI,0.0,0.060000000000000026,0.060000000000000026,1.8559197324414745,,185.5919732441474,300
random_stabilizer,3,2,pauli,0,IYX,0.0,-0.08999999999999997,0.08999999999999997,7.848060200668901,9.0,784.80602006689,300
random_stabilizer,3,2,pauli,1,ZIZ,0.0,0.38999999999999996,0.38999999999999996,9.870802675585226,9.0,987.0802675585225,300
random_stabilizer,3,2,pauli,2,XIY,0.0,0.14999999999999994,0.14999999999999994,11.626254180602016,9.0,1162.6254180602014,300
random_stabilizer,3,2,pauli,3,XIY,0.0,0.14999999999999994,0.14999999999999994,11.626254180602016,9.0,1162.6254180602014,300
random_stabilizer,3,2,pauli,4,IZZ,0.0,-0.029999999999999975,0.029999999999999975,11.106120401337792,9.0,1110.612040133779,300
random_stabilizer,3,2,pauli,5,IYX,0.0,-0.08999999999999997,0.08999999999999997,7.848060200668901,9.0,784.80602006689,300
random_stabilizer,3,2,clifford,0,IYX,0.0,0.29999999999999977,0.29999999999999977,8.578595317725753,24.0,857.8595317725751,300
random_stabilizer,3,2,clifford,1,ZIZ,0.0,-0.03,0.03,7.855284280936441,24.0,785.528428093644,300
random_stabilizer,3,2,clifford,2,XIY,0.0,0.11999999999999998,0.11999999999999998,8.112642140468232,24.0,811.264214046823,300
random_stabilizer,3,2,clifford,3,XIY,0.0,0.11999999999999998,0.11999999999999998,8.112642140468232,24.0,811.264214046823,300
random_stabilizer,3,2,clifford,4,IZZ,0.0,-0.20999999999999996,0.20999999999999996,9.43735785953179,24.0,943.7357859531788,300
random_stabilizer,3,2,clifford,5,IYX,0.0,0.29999999999999977,0.29999999999999977,8.578595317725753,24.0,857.8595317725751,300
random_stabilizer,3,2,seeqst,0,IYX,0.0,0.10666666666666667,0.10666666666666667,20.537079152731376,,2053.707915273137,300
random_stabilizer,3,2,seeqst,1,ZIZ,0.0,-0.06666666666666667,0.06666666666666667,1.9219620958751373,,192.1962095875137,300
random_stabilizer,3,2,seeqst,2,XIY,0.0,-0.16,0.16,16.24187290969896,,1624.1872909698955,300
random_stabilizer,3,2,seeqst,3,XIY,0.0,-0.16,0.16,16.24187290969896,,1624.1872909698955,300
random_stabilizer,3,2,seeqst,4,IZZ,0.0,0.06,0.06,1.9094314381270936,,190.9431438127093,300
random_stabilizer,3,2,seeqst,5,IYX,0.0,0.10666666666666667,0.10666666666666667,20.537079152731376,,2053.707915273137,300
random_stabilizer,3,3,pauli,0,ZYX,0.0,-0.2699999999999999,0.2699999999999999,21.87000000000004,27.0,2187.0000000000036,300
random_stabilizer,3,3,pauli,1,XXY,0.0,0.08999999999999998,0.08999999999999998,26.811270903010026,27.0,2681.127090301002,300
random_stabilizer,3,3,pauli,2,ZZY,0.0,0.08999999999999998,0.08999999999999998,31.687525083611998,27.0,3168.752508361199,300
random_stabilizer,3,3,pauli,3,YZY,0.0,-0.4499999999999998,0.4499999999999998,50.99749163879581,27.0,5099.74916387958,300
random_stabilizer,3,3,pauli,4,ZYY,0.0,0.08999999999999998,0.08999999999999998,31.687525083612016,27.0,3168.752508361201,300
random_stabilizer,3,3,pauli,5,XZZ,0.0,0.4499999999999999,0.4499999999999999,21.739966555184047,27.0,2173.996655518404,300
random_stabilizer,3,3,clifford,0,ZYX,0.0,0.35999999999999965,0.35999999999999965,8.538862876254177,24.0,853.8862876254175,300
random_stabilizer,3,3,clifford,1,XXY,0.0,0.26999999999999974,0.26999999999999974,8.866655518394632,24.0,886.665551839463,300
random_stabilizer,3,3,clifford,2,ZZY,0.0,0.0899999999999999,0.0899999999999999,7.848060200668892,24.0,784.8060200668891,300
random_stabilizer,3,3,clifford,3,YZY,0.0,0.030000000000000047,0.030000000000000047,7.855284280936441,24.0,785.528428093644,300
random_stabilizer,3,3,clifford,4,ZYY,0.0,-0.14999999999999994,0.14999999999999994,9.45903010033445,24.0,945.9030100334448,300
random_stabilizer,3,3,clifford,5,XZZ,0.0,0.05999999999999986,0.05999999999999986,10.290702341137111,24.0,1029.070234113711,300
random_stabilizer,3,3,seeqst,0,ZYX,0.0,0.16,0.16,17.95424749163876,,1795.4247491638757,300
random_stabilizer,3,3,seeqst,1,XXY,0.0,-0.7466666666666667,0.7466666666666667,23.4138684503902,,2341.3868450390196,300
random_stabilizer,3,3,seeqst,2,ZZY,0.0,-0.26666666666666666,0.26666666666666666,19.620958751393527,,1962.0958751393523,300
random_stabilizer,3,3,seeqst,3,YZY,0.0,0.48,0.48,14.324013377926375,,1432.4013377926372,300
random_stabilizer,3,3,seeqst,4,ZYY,0.0,-0.37333333333333335,0.37333333333333335,21.264838350055612,,2126.4838350055606,300
random_stabilizer,3,3,seeqst,5,XZZ,0.0,-0.05333333333333334,0.05333333333333334,14.552329988851614,,1455.2329988851611,300
random_stabilizer,4,1,pauli,0,IIXI,0.0,-0.03999999999999999,0.03999999999999999,3.189030100334462,3.0,318.90301003344615,300
random_stabilizer,4,1,pauli,1,IIYI,0.0,-0.10999999999999997,0.10999999999999997,2.787190635451504,3.0,278.71906354515033,300
random_stabilizer,4,1,pauli,2,IIXI,0.0,-0.03999999999999999,0.03999999999999999,3.189030100334462,3.0,318.90301003344615,300
random_stabilizer,4,1,pauli,3,XIII,0.9999999999999996,0.9999999999999998,2.220446049250313e-16,2.006688963210702,3.0,200.66889632107015,300
random_stabilizer,4,1,pauli,4,IYII,0.0,0.14999999999999994,0.14999999999999994,3.1379598662207386,3.0,313.7959866220738,300
random_stabilizer,4,1,pauli,5,IYII,0.0,0.14999999999999994,0.14999999999999994,3.1379598662207386,3.0,313.7959866220738,300
random_stabilizer,4,1,clifford,0,IIXI,0.0,-0.7933333333333328,0.7933333333333328,16.766510590858296,48.0,1676.6510590858293,300
random_stabilizer,4,1,clifford,1,IIYI,0.0,-0.11333333333333326,0.11333333333333326,15.451995540691174,48.0,1545.199554069117,300
random_stabilizer,4,1,clifford,2,IIXI,0.0,-0.7933333333333328,0.7933333333333328,16.766510590858296,48.0,1676.6510590858293,300
random_stabilizer,4,1,clifford,3,XIII,0.9999999999999996,1.3033333333333328,0.30333333333333323,20.526410256410095,48.0,2052.641025641009,300
random_stabilizer,4,1,clifford,4,IYII,0.0,-0.11333333333333324,0.11333333333333324,19.31821627647712,48.0,1931.8216276477117,300
random_stabilizer,4,1,clifford,5,IYII,0.0,-0.11333333333333324,0.11333333333333324,19.31821627647712,48.0,1931.8216276477117,300
random_stabilizer,4,1,seeqst,0,IIXI,0.0,-0.32,0.32,37.56949832775906,,3756.9498327759047,300
random_stabilizer,4,1,seeqst,1,IIYI,0.0,0.10666666666666667,0.10666666666666667,37.66082497212912,,3766.082497212911,300
random_stabilizer,4,1,seeqst,2,IIXI,0.0,-0.32,0.32,37.56949832775906,,3756.9498327759047,300
random_stabilizer,4,1,seeqst,3,XIII,0.9999999999999996,1.0666666666666667,0.0666666666666671,33.10590858416961,,3310.5908584169606,300
random_stabilizer,4,1,seeqst,4,IYII,0.0,0.4266666666666667,0.4266666666666667,27.215340022296672,,2721.534002229667,300
random_stabilizer,4,1,seeqst,5,IYII,0.0,0.4266666666666667,0.4266666666666667,27.215340022296672,,2721.534002229667,300
random_stabilizer,4,2,pauli,0,ZIZI,0.0,0.02999999999999999,0.02999999999999999,7.855284280936455,9.0,785.5284280936453,300
random_stabilizer,4,2,pauli,1,IYIY,0.0,0.20999999999999996,0.20999999999999996,8.895551839464908,9.0,889.5551839464906,300
random_stabilizer,4,2,pauli,2,IYIZ,0.0,0.0,0.0,7.043478260869564,9.0,704.3478260869563,300
random_stabilizer,4,2,pauli,3,YZII,0.0,-0.14999999999999994,0.14999999999999994,7.291806020066907,9.0,729.1806020066905,300
random_stabilizer,4,2,pauli,4,YIIY,0.0,0.2399999999999999,0.2399999999999999,10.236521739130481,9.0,1023.6521739130479,300
random_stabilizer,4,2,pauli,5,IZIY,0.0,-0.17999999999999997,0.17999999999999997,8.636387959866248,9.0,863.6387959866246,300
random_stabilizer,4,2,clifford,0,ZIZI,0.0,-4.7369515717340015e-17,4.7369515717340015e-17,21.26421404682272,48.0,2126.4214046822713,300
random_stabilizer,4,2,clifford,1,IYIY,0.0,-0.1699999999999999,0.1699999999999999,18.335551839464852,48.0,1833.555183946485,300
random_stabilizer,4,2,clifford,2,IYIZ,0.0,-4.0016978108773307e-17,4.0016978108773307e-17,15.464882943143783,48.0,1546.488294314378,300
random_stabilizer,4,2,clifford,3,YZII,0.0,-0.16999999999999987,0.16999999999999987,14.469331103678778,48.0,1446.9331103678776,300
random_stabilizer,4,2,clifford,4,YIIY,0.0,-0.16999999999999985,0.16999999999999985,20.268662207357902,48.0,2026.8662207357897,300
random_stabilizer,4,2,clifford,5,IZIY,0.0,-0.28333333333333305,0.28333333333333305,22.1502229654404,48.0,2215.0222965440394,300
random_stabilizer,4,2,seeqst,0,ZIZI,0.0,0.05999999999999999,0.05999999999999999,1.9629431438127123,,196.2943143812712,300
random_stabilizer,4,2,seeqst,1,IYIY,0.0,0.0,0.0,20.548494983277592,,2054.8494983277587,300
random_stabilizer,4,2,seeqst,2,IYIZ,0.0,0.0,0.0,34.247491638795985,,3424.7491638795977,300
random_stabilizer,4,2,seeqst,3,YZII,0.0,-0.10666666666666667,0.10666666666666667,58.2093199554065,,5820.931995540649,300
random_stabilizer,4,2,seeqst,4,YIIY,0.0,-0.21333333333333335,0.21333333333333335,27.352329988851857,,2735.232998885185,300
random_stabilizer,4,2,seeqst,5,IZIY,0.0,0.0,0.0,27.39799331103679,,2739.7993311036785,300
random_stabilizer,4,3,pauli,0,YXIY,0.0,-0.5399999999999995,0.5399999999999995,38.71745819397993,27.0,3871.7458193979924,300
random_stabilizer,4,3,pauli,1,IYXZ,-0.9999999999999996,-1.2599999999999998,0.26000000000000023,32.54086956521731,27.0,3254.08695652173,300
random_stabilizer,4,3,pauli,2,XYZI,0.0,0.08999999999999997,0.08999999999999997,21.935016722408022,27.0,2193.501672240802,300
random_stabilizer,4,3,pauli,3,ZYIZ,0.0,-0.7199999999999999,0.7199999999999999,23.861137123745753,27.0,2386.113712374575,300
random_stabilizer,4,3,pauli,4,ZZYI,0.0,-0.2699999999999999,0.2699999999999999,26.746254180602048,27.0,2674.625418060204,300
random_stabilizer,4,3,pauli,5,XIZX,0.0,-0.2699999999999999,0.2699999999999999,36.49876254180592,27.0,3649.876254180591,300
random_stabilizer,4,3,clifford,0,YXIY,0.0,0.6233333333333326,0.6233333333333326,19.90781493868443,48.0,1990.7814938684428,300
random_stabilizer,4,3,clifford,1,IYXZ,-0.9999999999999996,-0.906666666666666,0.0933333333333336,14.640089186176166,48.0,1464.0089186176162,300
random_stabilizer,4,3,clifford,2,XYZI,0.0,0.11333333333333319,0.11333333333333319,25.117547380156036,48.0,2511.7547380156034,300
random_stabilizer,4,3,clifford,3,ZYIZ,0.0,1.1842378929335004e-17,1.1842378929335004e-17,13.531772575250807,48.0,1353.1772575250804,300
random_stabilizer,4,3,clifford,4,ZZYI,0.0,-0.5099999999999997,0.5099999999999997,18.103578595317778,48.0,1810.3578595317774,300
random_stabilizer,4,3,clifford,5,XIZX,0.0,0.05666666666666666,0.05666666666666666,12.56199554069109,48.0,1256.1995540691087,300
random_stabilizer,4,3,seeqst,0,YXIY,0.0,0.32,0.32,51.26849498327746,,5126.849498327745,300
random_stabilizer,4,3,seeqst,1,IYXZ,-0.9999999999999996,-0.96,0.03999999999999959,29.89806020066872,,2989.8060200668715,300
random_stabilizer,4,3,seeqst,2,XYZI,0.0,-0.64,0.64,40.68602006688989,,4068.6020066889882,300
random_stabilizer,4,3,seeqst,3,ZYIZ,0.0,0.21333333333333335,0.21333333333333335,34.20182831661114,,3420.1828316611136,300
random_stabilizer,4,3,seeqst,4,ZZYI,0.0,-0.21333333333333335,0.21333333333333335,47.90082497212948,,4790.082497212947,300
random_stabilizer,4,3,seeqst,5,XIZX,0.0,-0.21333333333333335,0.21333333333333335,34.201828316611014,,3420.182831661101,300
random_stabilizer,4,4,pauli,0,XXZZ,-0.9999999999999996,-1.0799999999999994,0.07999999999999985,86.60227424749111,81.0,8660.22742474911,300
random_stabilizer,4,4,pauli,1,YXYY,0.0,0.2699999999999998,0.2699999999999998,21.869999999999987,81.0,2186.999999999998,300
random_stabilizer,4,4,pauli,2,ZXXX,0.0,-0.8099999999999996,0.8099999999999996,109.0574247491639,81.0,10905.742474916387,300
random_stabilizer,4,4,pauli,3,XXYZ,0.0,-0.26999999999999985,0.26999999999999985,65.756287625418,81.0,6575.628762541798,300
random_stabilizer,4,4,pauli,4,XXZY,0.0,-0.8099999999999996,0.8099999999999996,196.8299999999999,81.0,19682.999999999985,300
random_stabilizer,4,4,pauli,5,XZZZ,0.0,0.26999999999999996,0.26999999999999996,21.87000000000001,81.0,2187.000000000001,300
random_stabilizer,4,4,clifford,0,XXZZ,-0.9999999999999996,-1.0766666666666658,0.07666666666666622,17.201460423634394,48.0,1720.1460423634392,300
random_stabilizer,4,4,clifford,1,YXYY,0.0,0.056666666666666594,0.056666666666666594,18.36132664437003,48.0,1836.1326644370029,300
random_stabilizer,4,4,clifford,2,ZXXX,0.0,0.5099999999999997,0.5099999999999997,20.036688963210782,48.0,2003.668896321078,300
random_stabilizer,4,4,clifford,3,XXYZ,0.0,0.16999999999999982,0.16999999999999982,16.402441471571816,48.0,1640.2441471571813,300
random_stabilizer,4,4,clifford,4,XXZY,0.0,6.073841121946231e-17,6.073841121946231e-17,21.2642140468227,48.0,2126.42140468227,300
random_stabilizer,4,4,clifford,5,XZZZ,0.0,-0.11333333333333316,0.11333333333333316,17.38510590858414,48.0,1738.5105908584137,300
random_stabilizer,4,4,seeqst,0,XXZZ,-0.9999999999999996,-0.4266666666666667,0.5733333333333328,13.516343366778148,,1351.6343366778146,300
random_stabilizer,4,4,seeqst,1,YXYY,0.0,0.32,0.32,23.870501672240742,,2387.050167224074,300
random_stabilizer,4,4,seeqst,2,ZXXX,0.0,0.21333333333333335,0.21333333333333335,27.352329988851917,,2735.232998885191,300
random_stabilizer,4,4,seeqst,3,XXYZ,0.0,-0.7466666666666667,0.7466666666666667,64.51085841694484,,6451.085841694483,300
random_stabilizer,4,4,seeqst,4,XXZY,0.0,-0.4266666666666667,0.4266666666666667,34.06483835005579,,3406.483835005578,300
random_stabilizer,4,4,seeqst,5,XZZZ,0.0,0.32,0.32,44.41899665551826,,4441.899665551825,300
