repeat,state_type,ensemble,n,n_sample,term_group,num_terms,rmse,mean_variance,max_error
0,ground_state,pauli,6,10,z_single,6,0.38406326850795575,2.799999999999997,0.5454352198631633
0,ground_state,pauli,6,10,zz_long_range,10,1.0064369388263261,8.639999999999993,2.1746892651417573
0,ground_state,pauli,6,10,hopping,10,1.0025946914800785,11.789999999999987,2.2550436849016022
0,ground_state,pauli,6,30,z_single,6,0.14239158158096482,2.8051724137931004,0.2520080096762952
0,ground_state,pauli,6,30,zz_long_range,10,0.37125551243902094,9.701379310344823,0.9746892651417579
0,ground_state,pauli,6,30,hopping,10,0.6172426943673945,9.729310344827574,1.061114518656617
0,ground_state,pauli,6,100,z_single,6,0.1621061676150381,2.72712121212121,0.32671652465987455
0,ground_state,pauli,6,100,zz_long_range,10,0.3079730231318345,9.85827272727272,0.5546892651417582
0,ground_state,pauli,6,100,hopping,10,0.4076297146295003,8.319272727272718,0.8949563150983957
0,ground_state,pauli,6,300,z_single,6,0.07319463628693716,2.514749163879593,0.10671652465987469
0,ground_state,pauli,6,300,zz_long_range,10,0.14689312368931728,8.71151839464883,0.28053531368120244
0,ground_state,pauli,6,300,hopping,10,0.13599551752728345,8.814551839464876,0.2888854813433823
0,ground_state,pauli,6,1000,z_single,6,0.0482373066038283,2.4648723723723673,0.08499199032370441
0,ground_state,pauli,6,1000,zz_long_range,10,0.09118218806680128,8.399416216216187,0.18890876974708448
0,ground_state,pauli,6,1000,hopping,10,0.05647926022973255,9.018624324324325,0.07888548134338247
0,ground_state,pauli,6,3000,z_single,6,0.04086272158105847,2.433680393464503,0.056716524659874534
0,ground_state,pauli,6,3000,zz_long_range,10,0.05823764167407,8.512529209736575,0.10790876974708452
0,ground_state,pauli,6,3000,hopping,10,0.03239330971357243,8.782728176058786,0.05340955911129025
0,ground_state,clifford,6,10,z_single,6,3.0432624846468954,70.41666666666644,7.247991990323695
0,ground_state,clifford,6,10,zz_long_range,10,0.6676931539905613,5.2890851097734465e-31,0.8771620594577627
0,ground_state,clifford,6,10,hopping,10,0.4774710192785317,5.413716434663627e-31,0.5154095591112907
0,ground_state,clifford,6,30,z_single,6,1.4770884959401007,46.944444444444265,2.9146586569903676
0,ground_state,clifford,6,30,zz_long_range,10,1.1303066477029018,28.16666666666656,2.6919774015249045
0,ground_state,clifford,6,30,hopping,10,1.1886832064526902,71.38793103448249,2.6820762257779527
0,ground_state,clifford,6,100,z_single,6,1.0458356916731397,56.33333333333297,1.3979919903237032
0,ground_state,clifford,6,100,zz_long_range,10,0.7678313657571845,59.14999999999973,1.8253107348582387
0,ground_state,clifford,6,100,hopping,10,0.9185662691660037,75.53787878787855,2.084590440888704
0,ground_state,clifford,6,300,z_single,6,0.4684831244907883,67.56702898550678,0.723283475340125
0,ground_state,clifford,6,300,zz_long_range,10,0.41729182479405336,54.6518115942027,0.958644068191574
0,ground_state,clifford,6,300,hopping,10,0.4338412384519907,68.78224637681117,0.7845904408887069
0,ground_state,clifford,6,1000,z_single,6,0.34119507337203364,61.43801301301287,0.5932834753401256
0,ground_state,clifford,6,1000,zz_long_range,10,0.15033683525484182,68.89076076076051,0.22102871088771797
0,ground_state,clifford,6,1000,hopping,10,0.21705306854789042,62.31600100100113,0.3945904408887081
0,ground_state,clifford,6,3000,z_single,6,0.17096616708369092,61.84629228261142,0.22799199032370554
0,ground_state,clifford,6,3000,zz_long_range,10,0.06836724686140318,64.49870818050417,0.11882872612443085
0,ground_state,clifford,6,3000,hopping,10,0.18701364176693427,64.0070829165283,0.46662298176506267
0,ground_state,seeqst,6,10,z_single,6,0.31086809484349204,1.2962962962962965,0.4767165246598746
0,ground_state,seeqst,6,10,zz_long_range,10,0.35923157730487454,1.5022222222222223,0.6690912302529155
0,ground_state,seeqst,6,10,hopping,10,0.4774710192785315,0.0,0.5154095591112902
0,ground_state,seeqst,6,30,z_single,6,0.2640593272327771,1.221455938697318,0.38534134300962897
0,ground_state,seeqst,6,30,zz_long_range,10,0.17172696070051902,1.43816091954023,0.26053531368120264
0,ground_state,seeqst,6,30,hopping,10,1.7289404700345141,109.22666666666657,3.7512571075553764
0,ground_state,seeqst,6,100,z_single,6,0.12241570609527823,1.4049831649831643,0.20328347534012525
0,ground_state,seeqst,6,100,zz_long_range,10,0.09822742858495523,1.555636363636364,0.16053531368120266
0,ground_state,seeqst,6,100,hopping,10,0.6258044795745078,131.73397979798,0.8350436849016041
0,ground_state,seeqst,6,300,z_single,6,0.04667752258646859,1.3605276848755123,0.07661680867345866
0,ground_state,seeqst,6,300,zz_long_range,10,0.056392284930444715,1.5372307692307705,0.0872019803478693
0,ground_state,seeqst,6,300,hopping,10,0.2074887418687081,109.44585061315517,0.444956315098396
0,ground_state,seeqst,6,1000,z_single,6,0.03783127482088132,1.3955315315315338,0.04999199032370438
0,ground_state,seeqst,6,1000,zz_long_range,10,0.02279503930585852,1.5889321321321321,0.035310734858241655
0,ground_state,seeqst,6,1000,hopping,10,0.4775392188605535,143.70030830830797,0.707043684901604
0,ground_state,seeqst,6,3000,z_single,6,0.019335244915779082,1.4248232373754355,0.028658656990370956
0,ground_state,seeqst,6,3000,zz_long_range,10,0.03964826415923778,1.5982254529287707,0.07597740152490834
0,ground_state,seeqst,6,3000,hopping,10,0.17115141537745368,138.4818583972479,0.33311451865661745
0,neel,pauli,6,10,z_single,6,0.20000000000000015,2.066666666666664,0.40000000000000024
0,neel,pauli,6,10,zz_long_range,10,0.5205766033928148,7.109999999999994,1.0
0,neel,pauli,6,10,hopping,10,1.06489436095793,13.139999999999981,1.7999999999999985
0,neel,pauli,6,30,z_single,6,0.2081665999466136,1.8517241379310325,0.40000000000000036
0,neel,pauli,6,30,zz_long_range,10,0.4847679857416331,5.3534482758620685,0.7000000000000002
0,neel,pauli,6,30,hopping,10,0.501996015920445,12.028965517241364,1.199999999999999
0,neel,pauli,6,100,z_single,6,0.17521415467935242,1.8881818181818177,0.28000000000000014
0,neel,pauli,6,100,zz_long_range,10,0.30031649971321933,6.7099090909090835,0.6400000000000001
0,neel,pauli,6,100,hopping,10,0.17544229820656124,10.76890909090908,0.3599999999999997
0,neel,pauli,6,300,z_single,6,0.09831920802501745,2.0103678929765874,0.18999999999999972
0,neel,pauli,6,300,zz_long_range,10,0.1757270610919103,8.304802675585268,0.2899999999999998
0,neel,pauli,6,300,hopping,10,0.12074767078498855,8.708448160535122,0.2399999999999998
0,neel,pauli,6,1000,z_single,6,0.06696640949013166,1.9799954954954953,0.09400000000000008
0,neel,pauli,6,1000,zz_long_range,10,0.12513312910656396,7.58802972972974,0.27100000000000013
0,neel,pauli,6,1000,hopping,10,0.09191463430814484,8.983435135135105,0.13499999999999998
0,neel,pauli,6,3000,z_single,6,0.03154890383727045,1.9863334444814784,0.05300000000000016
0,neel,pauli,6,3000,zz_long_range,10,0.05803619560239972,7.950281893964542,0.13300000000000012
0,neel,pauli,6,3000,hopping,10,0.05699210471635522,9.117691130376816,0.10499999999999998
0,neel,clifford,6,10,z_single,6,3.952847075210468,211.2499999999994,5.49999999999999
0,neel,clifford,6,10,zz_long_range,10,4.2690748412273045,117.36111111111072,11.999999999999977
0,neel,clifford,6,10,hopping,10,3.5601966237835727,126.74999999999952,6.499999999999988
0,neel,clifford,6,30,z_single,6,1.6749792701868123,92.2701149425284,3.333333333333327
0,neel,clifford,6,30,zz_long_range,10,1.455831186794828,69.44540229885028,3.333333333333326
0,neel,clifford,6,30,hopping,10,2.166666666666663,111.69540229885013,4.333333333333326
0,neel,clifford,6,100,z_single,6,1.0398317171542688,75.75126262626229,1.5999999999999956
0,neel,clifford,6,100,zz_long_range,10,0.6591661399070784,75.02575757575721,1.5999999999999956
0,neel,clifford,6,100,hopping,10,1.3321035995747454,100.63181818181779,2.599999999999996
0,neel,clifford,6,300,z_single,6,0.576146200581452,73.71376811594158,0.9499999999999966
0,neel,clifford,6,300,zz_long_range,10,0.5873197122900293,69.13550724637659,1.166666666666663
0,neel,clifford,6,300,hopping,10,0.5933661039639289,71.71195652173895,1.0833333333333317
0,neel,clifford,6,1000,z_single,6,0.3308259864843336,69.89294711378027,0.5599999999999965
0,neel,clifford,6,1000,zz_long_range,10,0.2375447326294572,55.46253503503455,0.480000000000001
0,neel,clifford,6,1000,hopping,10,0.3256493512967585,67.13859109109045,0.8449999999999984
0,neel,clifford,6,3000,z_single,6,0.12010604881921196,65.84502287799647,0.19833333333333514
0,neel,clifford,6,3000,zz_long_range,10,0.1640655356862013,59.278341947317145,0.26333333333333486
0,neel,clifford,6,3000,hopping,10,0.1686663372855806,67.87584361453818,0.3683333333333328
0,neel,seeqst,6,10,z_single,6,0.2581988897471611,1.037037037037037,0.4
0,neel,seeqst,6,10,zz_long_range,10,0.3687817782917155,0.9599999999999997,0.6000000000000001
0,neel,seeqst,6,10,hopping,10,0.0,0.0,0.0
0,neel,seeqst,6,30,z_single,6,0.21081851067789192,0.9885057471264368,0.3999999999999999
0,neel,seeqst,6,30,zz_long_range,10,0.12995725793078616,1.0170114942528736,0.33333333333333326
0,neel,seeqst,6,30,hopping,10,4.266666666666667,320.1471264367816,8.533333333333333
0,neel,seeqst,6,100,z_single,6,0.16653327995729061,0.9820875420875419,0.33999999999999997
0,neel,seeqst,6,100,zz_long_range,10,0.07694153624668544,1.0041212121212122,0.1200000000000001
0,neel,seeqst,6,100,hopping,10,1.5145164244735019,295.57397979797963,2.56
0,neel,seeqst,6,300,z_single,6,0.09959175929020694,0.9933927907840961,0.18000000000000005
0,neel,seeqst,6,300,zz_long_range,10,0.03735713526965841,1.0019442586399112,0.08666666666666667
0,neel,seeqst,6,300,hopping,10,0.504838808157834,186.05063991081397,0.8533333333333334
0,neel,seeqst,6,1000,z_single,6,0.027700782179089,1.0002328995662464,0.03600000000000003
0,neel,seeqst,6,1000,zz_long_range,10,0.022995651762887717,1.0004716716716693,0.05400000000000005
0,neel,seeqst,6,1000,hopping,10,0.22897336089597847,157.3913625625615,0.384
0,neel,seeqst,6,3000,z_single,6,0.010077477638553987,1.0002318550628093,0.016000000000000014
0,neel,seeqst,6,3000,zz_long_range,10,0.018024674446127688,1.0000084472602118,0.036666666666666625
0,neel,seeqst,6,3000,hopping,10,0.201032004085585,136.5384322774268,0.3413333333333333
1,ground_state,pauli,6,10,z_single,6,0.4658842304729045,2.6499999999999972,0.8454352198631633
1,ground_state,pauli,6,10,zz_long_range,10,1.0721695904668729,10.169999999999996,1.517083697507555
1,ground_state,pauli,6,10,hopping,10,0.7414803261712843,10.079999999999988,1.4154095591112892
1,ground_state,pauli,6,30,z_single,6,0.24644724061113946,2.70862068965517,0.4232834753401256
1,ground_state,pauli,6,30,zz_long_range,10,0.7231502352321737,9.841034482758614,1.4253107348582412
1,ground_state,pauli,6,30,hopping,10,0.42514343253640674,8.5655172413793,0.7449563150983959
1,ground_state,pauli,6,100,z_single,6,0.14349566786145126,2.28712121212121,0.18543521986316336
1,ground_state,pauli,6,100,zz_long_range,10,0.20657106752567064,6.98563636363636,0.43531073485824173
1,ground_state,pauli,6,100,hopping,10,0.3492418688383285,9.274090909090896,0.8949563150983957
1,ground_state,pauli,6,300,z_single,6,0.03837239308993473,2.3884615384615384,0.07200800967629561
1,ground_state,pauli,6,300,zz_long_range,10,0.08489530586800167,8.486307692307681,0.16053531368120244
1,ground_state,pauli,6,300,hopping,10,0.1183713556668417,8.60252508361202,0.2649563150983961
1,ground_state,pauli,6,1000,z_single,6,0.04574111416157463,2.369318318318318,0.0639919903237044
1,ground_state,pauli,6,1000,zz_long_range,10,0.06893001262753928,8.468059459459452,0.1479163024924447
1,ground_state,pauli,6,1000,hopping,10,0.0758948911801521,8.78551621621615,0.1374095591112902
1,ground_state,pauli,6,3000,z_single,6,0.03919525640162648,2.401236412137414,0.07371652465987455
1,ground_state,pauli,6,3000,zz_long_range,10,0.05692133582775964,8.730999633210947,0.1095353136812025
1,ground_state,pauli,6,3000,hopping,10,0.07534482491457777,8.717505035011584,0.1974095591112902
1,ground_state,clifford,6,10,z_single,6,2.4535989741037856,70.41666666666647,5.752008009676286
1,ground_state,clifford,6,10,zz_long_range,10,1.9969752608808486,42.249999999999844,5.974689265141746
1,ground_state,clifford,6,10,hopping,10,1.944979729304702,42.24999999999988,5.9845904408887005
1,ground_state,clifford,6,30,z_single,6,2.2786257651212836,68.79789272030625,5.178768553196489
1,ground_state,clifford,6,30,zz_long_range,10,0.8292309331895438,14.083333333333268,1.641355931808421
1,ground_state,clifford,6,30,hopping,10,0.9984033352367103,42.24999999999985,1.7217103515682683
1,ground_state,clifford,6,100,z_single,6,1.197086300283146,104.62920875420845,2.404564780136831
1,ground_state,clifford,6,100,zz_long_range,10,0.7295262048486609,67.17323232323204,1.4246892651417542
1,ground_state,clifford,6,100,hopping,10,0.5909114951706864,42.16464646464621,1.1654095591112887
1,ground_state,clifford,6,300,z_single,6,0.5220864168928729,79.06763285024108,0.8454352198631632
1,ground_state,clifford,6,300,zz_long_range,10,0.41338450214977646,64.54782608695626,0.7441791958083209
1,ground_state,clifford,6,300,hopping,10,0.5221800931973846,77.01557971014475,1.4345904408887065
1,ground_state,clifford,6,1000,z_single,6,0.1841114357883416,76.06198281614921,0.35700800967629387
1,ground_state,clifford,6,1000,zz_long_range,10,0.1980296400469716,62.15782782782728,0.357916302492443
1,ground_state,clifford,6,1000,hopping,10,0.31992104603548455,68.0364564564568,0.719590440888707
1,ground_state,clifford,6,3000,z_single,6,0.15804500947410405,68.58733605646422,0.24661680867345964
1,ground_state,clifford,6,3000,zz_long_range,10,0.12210984449404828,63.191573857952264,0.2062496358257765
1,ground_state,clifford,6,3000,hopping,10,0.13198537543294334,65.52300183394274,0.2645904408887082
1,ground_state,seeqst,6,10,z_single,6,0.3821584547723579,1.1185185185185185,0.6454352198631632
1,ground_state,seeqst,6,10,zz_long_range,10,0.35106679879969444,1.5022222222222221,0.7228379405422373
1,ground_state,seeqst,6,10,hopping,10,5.744212615689889,327.68000000000006,13.244956315098397
1,ground_state,seeqst,6,30,z_single,6,0.1288386719590592,1.5647509578544063,0.214658656990371
1,ground_state,seeqst,6,30,zz_long_range,10,0.17916545940538672,1.6993103448275868,0.33946468631879734
1,ground_state,seeqst,6,30,hopping,10,2.598146308606849,218.4533333333331,4.711622981765062
1,ground_state,seeqst,6,100,z_single,6,0.046907532175801445,1.34060606060606,0.09456478013683667
1,ground_state,seeqst,6,100,zz_long_range,10,0.14848763637901602,1.4757979797979797,0.24053531368120262
1,ground_state,seeqst,6,100,hopping,10,1.7069222405184767,196.60800000000012,4.284956315098396
1,ground_state,seeqst,6,300,z_single,6,0.07604382083678554,1.3116387959866238,0.1233831913265413
1,ground_state,seeqst,6,300,zz_long_range,10,0.10860842272341865,1.4546711259754739,0.24135593180842507
1,ground_state,seeqst,6,300,hopping,10,0.9511713276584084,131.0719999999997,2.1516229817650627
1,ground_state,seeqst,6,1000,z_single,6,0.02819121108878307,1.3734601267934714,0.051991990323704385
1,ground_state,seeqst,6,1000,zz_long_range,10,0.035565401687685835,1.5557557557557569,0.064971289112283
1,ground_state,seeqst,6,1000,hopping,10,0.44491911040445004,131.13760160160115,0.8994095591112901
1,ground_state,seeqst,6,3000,z_single,6,0.019272625114734824,1.3882550479789375,0.03476855319649663
1,ground_state,seeqst,6,3000,zz_long_range,10,0.014530427911954589,1.5601858397243626,0.02363795577894967
1,ground_state,seeqst,6,3000,hopping,10,0.1947477392039658,127.71798741802579,0.41844785198995077
1,neel,pauli,6,10,z_single,6,0.2645751311064591,2.033333333333331,0.40000000000000036
1,neel,pauli,6,10,zz_long_range,10,0.7231873892705812,9.629999999999994,1.6999999999999984
1,neel,pauli,6,10,hopping,10,1.2727922061357846,10.799999999999986,2.699999999999998
1,neel,pauli,6,30,z_single,6,0.23804761428476146,2.1137931034482738,0.39999999999999947
1,neel,pauli,6,30,zz_long_range,10,0.5234500931320958,9.44068965517241,0.7999999999999996
1,neel,pauli,6,30,hopping,10,0.4449719092257394,8.17448275862068,0.8999999999999992
1,neel,pauli,6,100,z_single,6,0.14053469322555198,2.005303030303028,0.28000000000000014
1,neel,pauli,6,100,zz_long_range,10,0.24002083242918734,7.379181818181804,0.5500000000000002
1,neel,pauli,6,100,hopping,10,0.2744631122755841,9.66027272727272,0.5399999999999996
1,neel,pauli,6,300,z_single,6,0.06055300708194975,2.0364548494983254,0.10999999999999988
1,neel,pauli,6,300,zz_long_range,10,0.1381665661439119,8.379842809364547,0.31999999999999984
1,neel,pauli,6,300,hopping,10,0.17824140933015528,9.314277591973248,0.4499999999999998
1,neel,pauli,6,1000,z_single,6,0.03152776554086886,2.0060120120120097,0.04999999999999982
1,neel,pauli,6,1000,zz_long_range,10,0.09034489470910907,7.778416216216233,0.15400000000000014
1,neel,pauli,6,1000,hopping,10,0.10814989597775852,9.053156756756792,0.2069999999999999
1,neel,pauli,6,3000,z_single,6,0.02255733435788316,1.989320940313423,0.03100000000000014
1,neel,pauli,6,3000,zz_long_range,10,0.057428216061444985,7.811705901967301,0.1090000000000001
1,neel,pauli,6,3000,hopping,10,0.04966789707648189,9.25351760586874,0.08999999999999997
1,neel,clifford,6,10,z_single,6,2.4238399287081576,70.41666666666625,5.499999999999981
1,neel,clifford,6,10,zz_long_range,10,4.598912915026756,159.61111111111038,11.999999999999966
1,neel,clifford,6,10,hopping,10,2.0554804791094425,42.249999999999844,6.499999999999988
1,neel,clifford,6,30,z_single,6,1.0584754935143121,46.94444444444423,1.1666666666666634
1,neel,clifford,6,30,zz_long_range,10,2.460803843372227,135.97701149425228,5.499999999999985
1,neel,clifford,6,30,hopping,10,0.9689627902499073,28.16666666666656,2.1666666666666634
1,neel,clifford,6,100,z_single,6,0.7345633623679664,48.722643097642795,1.0
1,neel,clifford,6,100,zz_long_range,10,0.8770689824637486,78.82398989898952,2.249999999999992
1,neel,clifford,6,100,hopping,10,0.7120393247567146,42.16464646464621,1.2999999999999978
1,neel,clifford,6,300,z_single,6,0.7163112813936761,62.118961352656804,1.1666666666666625
1,neel,clifford,6,300,zz_long_range,10,0.5925228546928225,73.23804347826051,1.5999999999999956
1,neel,clifford,6,300,hopping,10,0.26536138880151056,55.03804347826076,0.43333333333333274
1,neel,clifford,6,1000,z_single,6,0.35007737240025394,65.7807265598935,0.4949999999999968
1,neel,clifford,6,1000,zz_long_range,10,0.24772464552401552,72.67380630630606,0.5599999999999967
1,neel,clifford,6,1000,hopping,10,0.2213820227570428,56.62261261261216,0.38999999999999924
1,neel,clifford,6,3000,z_single,6,0.21017849556983725,61.94647382460827,0.3066666666666683
1,neel,clifford,6,3000,zz_long_range,10,0.06342756148202085,64.48997360231232,0.10499999999999843
1,neel,clifford,6,3000,hopping,10,0.1699141940313793,64.07165305101606,0.3466666666666659
1,neel,seeqst,6,10,z_single,6,0.2581988897471611,1.037037037037037,0.4
1,neel,seeqst,6,10,zz_long_range,10,0.2683281572999747,1.031111111111111,0.4
1,neel,seeqst,6,10,hopping,10,0.0,0.0,0.0
1,neel,seeqst,6,30,z_single,6,0.20905430802474195,0.9892720306513408,0.33333333333333326
1,neel,seeqst,6,30,zz_long_range,10,0.2231093404090868,0.9829885057471264,0.5333333333333334
1,neel,seeqst,6,30,hopping,10,1.9081113407998205,109.22666666666657,4.266666666666667
1,neel,seeqst,6,100,z_single,6,0.15811388300841894,0.9848484848484849,0.24
1,neel,seeqst,6,100,zz_long_range,10,0.12231107881136524,0.9949898989898992,0.26
1,neel,seeqst,6,100,hopping,10,0.5724334022399462,98.9659797979798,1.28
1,neel,seeqst,6,300,z_single,6,0.06666666666666671,0.9988851727982166,0.1266666666666667
1,neel,seeqst,6,300,zz_long_range,10,0.052323778320929555,1.0005975473801576,0.10666666666666669
1,neel,seeqst,6,300,hopping,10,0.4673899157377418,87.45439464882939,0.8533333333333334
1,neel,seeqst,6,1000,z_single,6,0.027104735133674854,1.0002655989322744,0.04200000000000004
1,neel,seeqst,6,1000,zz_long_range,10,0.024690078979217565,1.000390790790791,0.04400000000000004
1,neel,seeqst,6,1000,hopping,10,0.14021697472132252,124.62336256256265,0.256
1,neel,seeqst,6,3000,z_single,6,0.01972214397480562,0.9999443518209855,0.03066666666666662
1,neel,seeqst,6,3000,zz_long_range,10,0.015648926125740655,1.0000884739357692,0.03266666666666662
1,neel,seeqst,6,3000,hopping,10,0.1478016689125442,122.35280560187005,0.21333333333333335
2,ground_state,pauli,6,10,z_single,6,0.3941049995208725,1.966666666666664,0.8454352198631632
2,ground_state,pauli,6,10,zz_long_range,10,0.6566967103095522,2.6099999999999968,0.8771620594577628
2,ground_state,pauli,6,10,hopping,10,0.8255700388042567,7.28999999999999,2.261114518656616
2,ground_state,pauli,6,30,z_single,6,0.12876549926516984,1.968965517241377,0.2454352198631634
2,ground_state,pauli,6,30,zz_long_range,10,0.30127487328578667,4.962413793103446,0.6360403100775
2,ground_state,pauli,6,30,hopping,10,0.6446768157909996,9.88758620689654,1.3611145186566167
2,ground_state,pauli,6,100,z_single,6,0.14587264411379217,2.1512121212121187,0.2967165246598744
2,ground_state,pauli,6,100,zz_long_range,10,0.23412117430892734,7.89463636363636,0.5589712891122827
2,ground_state,pauli,6,100,hopping,10,0.3116627712169756,8.576181818181817,0.5511145186566174
2,ground_state,pauli,6,300,z_single,6,0.038422051180522124,2.311538461538461,0.08671652465987456
2,ground_state,pauli,6,300,zz_long_range,10,0.07879649024204152,8.558187290969869,0.11090876974708452
2,ground_state,pauli,6,300,hopping,10,0.17369742896514861,8.844802675585274,0.27504368490160386
2,ground_state,pauli,6,1000,z_single,6,0.04462135995064023,2.343135135135144,0.09800800967629553
2,ground_state,pauli,6,1000,zz_long_range,10,0.10744127700154169,8.543408108108139,0.20191630249244463
2,ground_state,pauli,6,1000,hopping,10,0.0707690304895783,8.708748648648578,0.16704368490160387
2,ground_state,pauli,6,3000,z_single,6,0.015130465624743078,2.379357452484119,0.020283475340125423
2,ground_state,pauli,6,3000,zz_long_range,10,0.02776994525376522,8.51289563187731,0.04490876974708452
2,ground_state,pauli,6,3000,hopping,10,0.0643182835332342,8.701073657886026,0.14904368490160397
2,ground_state,clifford,6,10,z_single,6,2.4535989741037847,70.4166666666664,5.752008009676283
2,ground_state,clifford,6,10,zz_long_range,10,0.6676931539905613,3.2548216060144286e-32,0.8771620594577628
2,ground_state,clifford,6,10,hopping,10,2.725711455341203,84.4999999999997,6.055043684901592
2,ground_state,clifford,6,30,z_single,6,1.0409190704984328,46.944444444444265,1.4186746763429592
2,ground_state,clifford,6,30,zz_long_range,10,1.4875936241321788,84.49999999999966,2.90613135298546
2,ground_state,clifford,6,30,hopping,10,1.477091199237053,55.36206896551698,3.8179237742220358
2,ground_state,clifford,6,100,z_single,6,0.6448519537725348,28.308922558922358,0.8454352198631634
2,ground_state,clifford,6,100,zz_long_range,10,0.7958875267653488,63.374999999999645,1.3894646863187963
2,ground_state,clifford,6,100,hopping,10,0.7989323286573846,45.96287878787859,1.5050436849016
2,ground_state,clifford,6,300,z_single,6,0.41278378101185564,44.34601449275326,0.5313253236570381
2,ground_state,clifford,6,300,zz_long_range,10,0.29993585328831884,67.23260869565193,0.5580225984750894
2,ground_state,clifford,6,300,hopping,10,0.4026149601889319,64.67971014492744,0.89444785198995
2,ground_state,clifford,6,1000,z_single,6,0.29859287141917784,63.58434684684678,0.5529919903237047
2,ground_state,clifford,6,1000,zz_long_range,10,0.1997251409334789,67.53867617617568,0.3655353136812006
2,ground_state,clifford,6,1000,hopping,10,0.15817878984940556,66.58413913913861,0.26611451865661795
2,ground_state,clifford,6,3000,z_single,6,0.16301144084444333,62.32982475639889,0.27132532365703865
2,ground_state,clifford,6,3000,zz_long_range,10,0.0626044833489034,64.77765116149729,0.11269537755438475
2,ground_state,clifford,6,3000,hopping,10,0.12116473333772858,63.19241913971298,0.23374289244462404
2,ground_state,seeqst,6,10,z_single,6,0.46263866628476863,1.3555555555555554,0.9545647801368369
2,ground_state,seeqst,6,10,zz_long_range,10,0.42371988415133943,1.6088888888888888,0.8746892651417583
2,ground_state,seeqst,6,10,hopping,10,0.4774710192785315,0.0,0.5154095591112902
2,ground_state,seeqst,6,30,z_single,6,0.2543855277433749,1.5264367816091955,0.4878981134701701
2,ground_state,seeqst,6,30,zz_long_range,10,0.15391745384483266,1.731494252873563,0.31624963582577814
2,ground_state,seeqst,6,30,hopping,10,0.4774710192785315,0.0,0.5154095591112902
2,ground_state,seeqst,6,100,z_single,6,0.11290902685662128,1.5352861952861954,0.22328347534012538
2,ground_state,seeqst,6,100,zz_long_range,10,0.10185667008606056,1.7000404040404042,0.1794646863187973
2,ground_state,seeqst,6,100,hopping,10,0.8898029039079766,32.767999999999994,1.7411145186566175
2,ground_state,seeqst,6,300,z_single,6,0.10522885174537179,1.4521887774061704,0.13465865699037105
2,ground_state,seeqst,6,300,zz_long_range,10,0.04023594774092293,1.579888517279822,0.0975754364137511
2,ground_state,seeqst,6,300,hopping,10,0.7710871285096298,108.56911482720177,1.2617103515682708
2,ground_state,seeqst,6,1000,z_single,6,0.03763285645757702,1.4116456456456496,0.057283475340125345
2,ground_state,seeqst,6,1000,zz_long_range,10,0.029761023330458745,1.5930186186186284,0.047028710887717096
2,ground_state,seeqst,6,1000,hopping,10,0.4425409191097067,137.27135135135038,0.8451145186566175
2,ground_state,seeqst,6,3000,z_single,6,0.02400871101168466,1.3974755288799916,0.03799199032370437
2,ground_state,seeqst,6,3000,zz_long_range,10,0.022229432136159025,1.553230276758902,0.04048747085834281
2,ground_state,seeqst,6,3000,hopping,10,0.22417518239242162,116.57242405246056,0.4659237742220431
2,neel,pauli,6,10,z_single,6,0.3937003937005901,2.2166666666666646,0.49999999999999933
2,neel,pauli,6,10,zz_long_range,10,0.6978538528947156,11.069999999999991,1.6999999999999988
2,neel,pauli,6,10,hopping,10,0.6971370023173344,6.659999999999991,0.8999999999999992
2,neel,pauli,6,30,z_single,6,0.2121320343559641,2.039655172413791,0.40000000000000024
2,neel,pauli,6,30,zz_long_range,10,0.6648308055437862,8.397931034482752,1.399999999999999
2,neel,pauli,6,30,hopping,10,0.5692099788303079,8.602758620689645,0.8999999999999996
2,neel,pauli,6,100,z_single,6,0.17521415467935225,2.0093939393939366,0.28000000000000014
2,neel,pauli,6,100,zz_long_range,10,0.35141143976825795,8.076272727272714,0.7099999999999997
2,neel,pauli,6,100,hopping,10,0.26546186166754704,9.337909090909083,0.4499999999999996
2,neel,pauli,6,300,z_single,6,0.09237604307034022,1.957993311036785,0.13000000000000023
2,neel,pauli,6,300,zz_long_range,10,0.1755562587890276,7.124929765886293,0.31000000000000005
2,neel,pauli,6,300,hopping,10,0.13910427743243545,9.326739130434788,0.2399999999999998
2,neel,pauli,6,1000,z_single,6,0.04407947368106844,1.9730300300300367,0.09400000000000008
2,neel,pauli,6,1000,zz_long_range,10,0.07419231766160166,7.69909459459457,0.15400000000000014
2,neel,pauli,6,1000,hopping,10,0.08868539902374005,9.421856756756746,0.12599999999999995
2,neel,pauli,6,3000,z_single,6,0.04156119985435139,1.9929369789930025,0.06699999999999995
2,neel,pauli,6,3000,zz_long_range,10,0.05405090193512042,7.973836445481689,0.09100000000000019
2,neel,pauli,6,3000,hopping,10,0.03657047989840985,9.08989256418791,0.05999999999999999
2,neel,clifford,6,10,z_single,6,3.278719262150994,140.83333333333283,5.4999999999999885
2,neel,clifford,6,10,zz_long_range,10,1.9811612756158918,42.24999999999985,5.4999999999999885
2,neel,clifford,6,10,hopping,10,2.055480479109443,42.24999999999986,6.4999999999999885
2,neel,clifford,6,30,z_single,6,2.1048884900525104,114.1235632183904,3.333333333333326
2,neel,clifford,6,30,zz_long_range,10,1.46818103636968,83.52873563218361,3.333333333333326
2,neel,clifford,6,30,hopping,10,0.9689627902499072,57.30459770114921,2.166666666666663
2,neel,clifford,6,100,z_single,6,0.9697508271028505,75.89351851851818,2.2499999999999942
2,neel,clifford,6,100,zz_long_range,10,0.656696276828183,79.1654040404037,1.5999999999999948
2,neel,clifford,6,100,hopping,10,1.1444430960078336,62.69217171717148,2.5999999999999956
2,neel,clifford,6,300,z_single,6,0.42388197169250563,48.75785024154562,0.7833333333333337
2,neel,clifford,6,300,zz_long_range,10,0.4284014213069062,59.71050724637636,0.7333333333333303
2,neel,clifford,6,300,hopping,10,0.5691367732510925,60.43586956521701,1.0833333333333315
2,neel,clifford,6,1000,z_single,6,0.2616135827258728,51.488046379712564,0.48000000000000087
2,neel,clifford,6,1000,zz_long_range,10,0.2781321628291117,65.27942192192145,0.5599999999999963
2,neel,clifford,6,1000,hopping,10,0.2534166529650326,64.2199999999998,0.519999999999999
2,neel,clifford,6,3000,z_single,6,0.09982855673974657,62.890997925235716,0.14833333333333187
2,neel,clifford,6,3000,zz_long_range,10,0.15853583541619534,66.38049321996348,0.36499999999999844
2,neel,clifford,6,3000,hopping,10,0.15669060100862572,65.48477631432633,0.3683333333333326
2,neel,seeqst,6,10,z_single,6,0.25819888974716115,1.0370370370370372,0.4
2,neel,seeqst,6,10,zz_long_range,10,0.28284271247461906,1.0222222222222226,0.40000000000000013
2,neel,seeqst,6,10,hopping,10,0.0,0.0,0.0
2,neel,seeqst,6,30,z_single,6,0.2277100170213244,0.9808429118773946,0.3999999999999999
2,neel,seeqst,6,30,zz_long_range,10,0.1659986613065164,1.0059770114942528,0.33333333333333326
2,neel,seeqst,6,30,hopping,10,0.0,0.0,0.0
2,neel,seeqst,6,100,z_single,6,0.07483314773547882,1.0044444444444445,0.1399999999999999
2,neel,seeqst,6,100,zz_long_range,10,0.08944271909999157,1.0020202020202018,0.19999999999999996
2,neel,seeqst,6,100,hopping,10,0.5724334022399462,32.76799999999999,1.28
2,neel,seeqst,6,300,z_single,6,0.06565905201197408,0.9990189520624303,0.1200000000000001
2,neel,seeqst,6,300,zz_long_range,10,0.07524773898411982,0.9976633221850602,0.1200000000000001
2,neel,seeqst,6,300,hopping,10,0.9540556703999103,119.6379041248608,1.7066666666666668
2,neel,seeqst,6,1000,z_single,6,0.019390719429665335,1.0006246246246324,0.026000000000000023
2,neel,seeqst,6,1000,zz_long_range,10,0.023966643486312406,1.0004260260260218,0.04800000000000004
2,neel,seeqst,6,1000,hopping,10,0.2428629243009315,124.58400160160211,0.384
2,neel,seeqst,6,3000,z_single,6,0.009514122057158968,1.000242895780087,0.01666666666666672
2,neel,seeqst,6,3000,zz_long_range,10,0.013309979547525832,1.0001562298544175,0.02533333333333332
2,neel,seeqst,6,3000,hopping,10,0.1779767775113746,112.50929403134492,0.256
3,ground_state,pauli,6,10,z_single,6,0.4839736964424183,2.033333333333331,0.7479919903237043
3,ground_state,pauli,6,10,zz_long_range,10,0.5917446728397437,2.4299999999999975,0.8771620594577628
3,ground_state,pauli,6,10,hopping,10,1.1618240314366102,11.609999999999987,3.155043684901601
3,ground_state,pauli,6,30,z_single,6,0.22326148701208873,2.2793103448275844,0.5232834753401253
3,ground_state,pauli,6,30,zz_long_range,10,0.502702722220096,7.103793103448273,1.130908769747084
3,ground_state,pauli,6,30,hopping,10,0.49997274802366787,9.012413793103438,1.055043684901603
3,ground_state,pauli,6,100,z_single,6,0.14644204410480874,2.5680303030302998,0.27200800967629546
3,ground_state,pauli,6,100,zz_long_range,10,0.25258083484233007,9.655363636363623,0.3539596899224998
3,ground_state,pauli,6,100,hopping,10,0.2628764155723241,8.195727272727266,0.5349563150983959
3,ground_state,pauli,6,300,z_single,6,0.030029496086990272,2.460401337792636,0.05328347534012545
3,ground_state,pauli,6,300,zz_long_range,10,0.1281881131996899,8.682260869565212,0.22946468631879746
3,ground_state,pauli,6,300,hopping,10,0.20364459759912046,8.970682274247478,0.5349563150983959
3,ground_state,pauli,6,1000,z_single,6,0.042906193482533425,2.4554024024023984,0.09028347534012549
3,ground_state,pauli,6,1000,zz_long_range,10,0.08458271955174501,8.720464864864878,0.1410403100775
3,ground_state,pauli,6,1000,hopping,10,0.13037996855586836,8.554475675675684,0.282956315098396
3,ground_state,pauli,6,3000,z_single,6,0.047230511586711973,2.4270453484494774,0.06156478013683686
3,ground_state,pauli,6,3000,zz_long_range,10,0.04863592194235183,8.661324508169441,0.07983794054223703
3,ground_state,pauli,6,3000,hopping,10,0.06817738297570124,8.692057152384049,0.11495631509839604
3,ground_state,clifford,6,10,z_single,6,0.7740352520554391,1.2235718259646835e-30,0.845435219863163
3,ground_state,clifford,6,10,zz_long_range,10,2.722260344972592,84.49999999999969,5.974689265141744
3,ground_state,clifford,6,10,hopping,10,0.47747101927853136,1.3666576095231701e-30,0.5154095591112902
3,ground_state,clifford,6,30,z_single,6,1.0065469912273457,46.94444444444424,1.4186746763429583
3,ground_state,clifford,6,30,zz_long_range,10,1.0121093434779658,42.249999999999815,1.6413559318084205
3,ground_state,clifford,6,30,hopping,10,1.6118179042169805,84.49999999999966,2.611622981765059
3,ground_state,clifford,6,100,z_single,6,0.6882212495306906,48.72264309764282,1.226716524659871
3,ground_state,clifford,6,100,zz_long_range,10,0.5847025695361399,42.249999999999815,0.8771620594577628
3,ground_state,clifford,6,100,hopping,10,1.0503527959137053,71.22752525252484,1.5050436849016007
3,ground_state,clifford,6,300,z_single,6,0.5265312807896678,78.83212560386413,0.7686746763429594
3,ground_state,clifford,6,300,zz_long_range,10,0.43503467304330484,47.676086956521495,0.852706976744166
3,ground_state,clifford,6,300,hopping,10,0.41620645291059527,63.32789855072442,0.8782896484317286
3,ground_state,clifford,6,1000,z_single,6,0.3153148741646943,66.19942025358633,0.5195647801368339
3,ground_state,clifford,6,1000,zz_long_range,10,0.31342102042761516,63.76239739739691,0.6889712891122799
3,ground_state,clifford,6,1000,hopping,10,0.26234189116029905,64.43865115115065,0.5261145186566175
3,ground_state,clifford,6,3000,z_single,6,0.16638269648848403,63.72986180578717,0.2604352198631643
3,ground_state,clifford,6,3000,zz_long_range,10,0.19295894891390264,62.27599283094363,0.4289712891122812
3,ground_state,clifford,6,3000,hopping,10,0.1827693234758614,62.03438312770853,0.31337701823493586
3,ground_state,seeqst,6,10,z_single,6,0.32244405903853873,1.2296296296296296,0.5232834753401254
3,ground_state,seeqst,6,10,zz_long_range,10,0.191064141149766,1.52,0.38897128911228274
3,ground_state,seeqst,6,10,hopping,10,0.4774710192785315,0.0,0.5154095591112902
3,ground_state,seeqst,6,30,z_single,6,0.28798158567732873,1.3026819923371649,0.4520080096762956
3,ground_state,seeqst,6,30,zz_long_range,10,0.20023795438987746,1.439080459770115,0.3829163024924448
3,ground_state,seeqst,6,30,hopping,10,1.7633704522982419,109.2266666666666,3.8217103515682704
3,ground_state,seeqst,6,100,z_single,6,0.11870551288614999,1.4348148148148148,0.17671652465987475
3,ground_state,seeqst,6,100,zz_long_range,10,0.14115905380340482,1.4606868686868693,0.22291630249244476
3,ground_state,seeqst,6,100,hopping,10,1.0054849584321455,98.30399999999996,1.7954095591112902
3,ground_state,seeqst,6,300,z_single,6,0.09949870732127053,1.3747008547008541,0.14534134300962898
3,ground_state,seeqst,6,300,zz_long_range,10,0.11941928434609561,1.4494983277591977,0.18751252914165717
3,ground_state,seeqst,6,300,hopping,10,0.3743745156007251,141.9946666666662,0.5154095591112902
3,ground_state,seeqst,6,1000,z_single,6,0.026517501327171285,1.4255422088755552,0.035283475340125325
3,ground_state,seeqst,6,1000,zz_long_range,10,0.03676752206510635,1.5647647647647678,0.07946468631879733
3,ground_state,seeqst,6,1000,hopping,10,0.27342128228562096,124.36095615615484,0.451043684901604
3,ground_state,seeqst,6,3000,z_single,6,0.018889101165320065,1.4219213812011091,0.03338319132654133
3,ground_state,seeqst,6,3000,zz_long_range,10,0.017567928474030135,1.5629842836501107,0.032908769747084454
3,ground_state,seeqst,6,3000,hopping,10,0.09776191362031789,136.32791872846673,0.25259044088870986
3,neel,pauli,6,10,z_single,6,0.5700877125495689,1.583333333333332,1.0
3,neel,pauli,6,10,zz_long_range,10,0.5205766033928148,7.109999999999995,1.0
3,neel,pauli,6,10,hopping,10,0.6971370023173346,12.059999999999985,0.8999999999999998
3,neel,pauli,6,30,z_single,6,0.15811388300841928,1.9224137931034468,0.3000000000000004
3,neel,pauli,6,30,zz_long_range,10,0.37282703764614505,6.321724137931031,0.7000000000000002
3,neel,pauli,6,30,hopping,10,0.6363961030678923,11.032758620689641,1.199999999999999
3,neel,pauli,6,100,z_single,6,0.12206555615733712,1.974848484848483,0.2200000000000003
3,neel,pauli,6,100,zz_long_range,10,0.20656718035544755,7.5215454545454445,0.3700000000000001
3,neel,pauli,6,100,hopping,10,0.3294540939190161,9.872181818181806,0.5399999999999997
3,neel,pauli,6,300,z_single,6,0.08336666000266528,2.0114214046822734,0.17999999999999972
3,neel,pauli,6,300,zz_long_range,10,0.15678010077812807,8.05828093645484,0.22999999999999976
3,neel,pauli,6,300,hopping,10,0.15530614926653732,9.294862876254177,0.3299999999999998
3,neel,pauli,6,1000,z_single,6,0.044977772288097954,2.013990990990987,0.06499999999999972
3,neel,pauli,6,1000,zz_long_range,10,0.07588939319825909,8.424064864864878,0.1429999999999998
3,neel,pauli,6,1000,hopping,10,0.07333757563486806,8.945967567567516,0.12599999999999995
3,neel,pauli,6,3000,z_single,6,0.02348758537327048,1.9921123707902495,0.038000000000000145
3,neel,pauli,6,3000,zz_long_range,10,0.04091943303615046,7.989788862954233,0.07399999999999984
3,neel,pauli,6,3000,hopping,10,0.06214418717788494,9.133282527509031,0.147
3,neel,clifford,6,10,z_single,6,2.4238399287081607,70.41666666666644,5.49999999999999
3,neel,clifford,6,10,zz_long_range,10,2.6172504656604754,84.4999999999997,5.4999999999999885
3,neel,clifford,6,10,hopping,10,8.968082988287626e-17,8.042651248481392e-32,1.8041124150158794e-16
3,neel,clifford,6,30,z_single,6,1.6569159213340794,68.79789272030625,3.333333333333326
3,neel,clifford,6,30,zz_long_range,10,1.7591033069278315,82.55747126436749,3.333333333333326
3,neel,clifford,6,30,hopping,10,2.055480479109443,126.74999999999947,4.333333333333325
3,neel,clifford,6,100,z_single,6,0.6357410374253549,41.965488215488044,1.0
3,neel,clifford,6,100,zz_long_range,10,0.5943483826847671,70.97146464646438,1.0
3,neel,clifford,6,100,hopping,10,0.9419394885023116,71.6542929292926,1.9499999999999957
3,neel,clifford,6,300,z_single,6,0.3127684032540281,53.4051932367147,0.5666666666666673
3,neel,clifford,6,300,zz_long_range,10,0.2702365219169643,57.082246376811064,0.5666666666666675
3,neel,clifford,6,300,hopping,10,0.35601966237835736,69.11195652173885,0.43333333333333296
3,neel,clifford,6,1000,z_single,6,0.16416455159381924,66.55960960960971,0.2999999999999974
3,neel,clifford,6,1000,zz_long_range,10,0.1746210182080034,63.68669419419365,0.2999999999999974
3,neel,clifford,6,1000,hopping,10,0.22233420789433148,70.57864614614542,0.3249999999999996
3,neel,clifford,6,3000,z_single,6,0.11284617520881816,63.34338020080815,0.1983333333333347
3,neel,clifford,6,3000,zz_long_range,10,0.10769942742032855,64.75548599533296,0.25666666666666504
3,neel,clifford,6,3000,hopping,10,0.12927576038152766,69.29638657330162,0.2599999999999995
3,neel,seeqst,6,10,z_single,6,0.3055050463303893,1.0074074074074073,0.6
3,neel,seeqst,6,10,zz_long_range,10,0.3464101615137754,0.9777777777777776,0.6000000000000001
3,neel,seeqst,6,10,hopping,10,0.0,0.0,0.0
3,neel,seeqst,6,30,z_single,6,0.14656562175858798,1.0122605363984674,0.2666666666666667
3,neel,seeqst,6,30,zz_long_range,10,0.17126976771553504,1.004137931034483,0.33333333333333337
3,neel,seeqst,6,30,hopping,10,2.698476936677017,218.45333333333323,4.266666666666667
3,neel,seeqst,6,100,z_single,6,0.1098483803552272,0.9979124579124576,0.18000000000000005
3,neel,seeqst,6,100,zz_long_range,10,0.1109954954040929,0.9976565656565656,0.19999999999999996
3,neel,seeqst,6,100,hopping,10,0.9914837366290988,98.30399999999995,1.28
3,neel,seeqst,6,300,z_single,6,0.07841012784167709,0.9971757710888166,0.15333333333333332
3,neel,seeqst,6,300,zz_long_range,10,0.06511528238439886,0.999090301003346,0.1266666666666667
3,neel,seeqst,6,300,hopping,10,0.4673899157377418,87.45439464882904,0.8533333333333334
3,neel,seeqst,6,1000,z_single,6,0.019061304607327748,1.0006373039706329,0.040000000000000036
3,neel,seeqst,6,1000,zz_long_range,10,0.028255972819919005,1.0002018018018035,0.06400000000000006
3,neel,seeqst,6,1000,hopping,10,0.3238172324012421,131.09824064064026,0.64
3,neel,seeqst,6,3000,z_single,6,0.021059000011431708,0.9998898151235694,0.04133333333333333
3,neel,seeqst,6,3000,zz_long_range,10,0.013323329580518168,1.0001558741802947,0.022666666666666613
3,neel,seeqst,6,3000,hopping,10,0.15964404850235484,128.90494876069772,0.3413333333333333
