state_repeat,obs_repeat,state_type,ensemble,n,m,observable_type,rest_mode,l,num_observables,n_sample,rmse,max_error
0,0,haar_random,pauli,6,2,at_least,random,2,10,10,23.01953120116244,72.79353984248563
0,0,haar_random,pauli,6,2,at_least,random,2,10,30,7.651248881870919,24.193539842485663
0,0,haar_random,pauli,6,2,at_least,random,2,10,100,4.024743530260293,7.427360622831729
0,0,haar_random,pauli,6,2,at_least,random,2,10,300,1.7211594811155575,2.567360622831731
0,0,haar_random,pauli,6,2,at_least,random,2,10,1000,0.8671555339727617,1.5953606228317314
0,0,haar_random,pauli,6,2,at_least,random,2,10,3000,0.2824040026317246,0.42142849371025937
0,0,haar_random,clifford,6,2,at_least,random,2,10,10,4.086829235813938,6.641576263487151
0,0,haar_random,clifford,6,2,at_least,random,2,10,30,1.5147473870800088,2.308242930153825
0,0,haar_random,clifford,6,2,at_least,random,2,10,100,0.6285618065919425,1.1735803514471896
0,0,haar_random,clifford,6,2,at_least,random,2,10,300,0.5387026296170507,0.9459727105015994
0,0,haar_random,clifford,6,2,at_least,random,2,10,1000,0.27203990351820556,0.4476393771682669
0,0,haar_random,clifford,6,2,at_least,random,2,10,3000,0.11097810092510901,0.1954284937102591
0,0,haar_random,seeqst_uniform,6,2,at_least,random,2,10,10,0.10002908502362837,0.141576263487162
0,0,haar_random,seeqst_uniform,6,2,at_least,random,2,10,30,0.10002908502362837,0.141576263487162
0,0,haar_random,seeqst_uniform,6,2,at_least,random,2,10,100,0.10002908502362837,0.141576263487162
0,0,haar_random,seeqst_uniform,6,2,at_least,random,2,10,300,0.7129923528580225,1.30672626024452
0,0,haar_random,seeqst_uniform,6,2,at_least,random,2,10,1000,0.3568169070778304,0.8744601575143288
0,0,haar_random,seeqst_uniform,6,2,at_least,random,2,10,3000,0.22857772849355823,0.33197271050160126
0,0,haar_random,seeqst_binomial_tuned,6,2,at_least,random,2,10,10,0.10002908502362837,0.141576263487162
0,0,haar_random,seeqst_binomial_tuned,6,2,at_least,random,2,10,30,0.9251197254165716,2.911080351447191
0,0,haar_random,seeqst_binomial_tuned,6,2,at_least,random,2,10,100,0.9964191410880451,1.9489196485528075
0,0,haar_random,seeqst_binomial_tuned,6,2,at_least,random,2,10,300,0.4085140995811462,0.7139601575143286
0,0,haar_random,seeqst_binomial_tuned,6,2,at_least,random,2,10,1000,0.4049582532160208,0.8354601575143287
0,0,haar_random,seeqst_binomial_tuned,6,2,at_least,random,2,10,3000,0.1377577244471859,0.2769296641925803
0,0,haar_random,seeqst_binomial_untuned,6,2,at_least,random,2,10,10,8.162688407709425,18.282129525096014
0,0,haar_random,seeqst_binomial_untuned,6,2,at_least,random,2,10,30,1.955907733277951,6.178322940733877
0,0,haar_random,seeqst_binomial_untuned,6,2,at_least,random,2,10,100,1.458355721997802,3.7727182387958034
0,0,haar_random,seeqst_binomial_untuned,6,2,at_least,random,2,10,300,1.0405001399080807,2.5623375803595896
0,0,haar_random,seeqst_binomial_untuned,6,2,at_least,random,2,10,1000,0.3308535278588601,0.6562691237828809
0,0,haar_random,seeqst_binomial_untuned,6,2,at_least,random,2,10,3000,0.19300367251406197,0.32313336225259404
0,0,haar_random,seeqst_unifsize_tuned,6,2,at_least,random,2,10,10,2.868847833986904,9.066823375955938
0,0,haar_random,seeqst_unifsize_tuned,6,2,at_least,random,2,10,30,2.2926885314829724,5.873580351447192
0,0,haar_random,seeqst_unifsize_tuned,6,2,at_least,random,2,10,100,0.7846957472038452,1.6735803514471919
0,0,haar_random,seeqst_unifsize_tuned,6,2,at_least,random,2,10,300,0.3929848594832505,0.5354284937102595
0,0,haar_random,seeqst_unifsize_tuned,6,2,at_least,random,2,10,1000,0.25781922911396843,0.5131796641925804
0,0,haar_random,seeqst_unifsize_tuned,6,2,at_least,random,2,10,3000,0.20703748190866306,0.3332737397554801
0,1,haar_random,pauli,6,2,at_least,random,2,10,10,23.01942957200546,72.79353984248563
0,1,haar_random,pauli,6,2,at_least,random,2,10,30,7.6509431151694836,24.193539842485663
0,1,haar_random,pauli,6,2,at_least,random,2,10,100,3.255000197011187,7.369628446584201
0,1,haar_random,pauli,6,2,at_least,random,2,10,300,1.7123960537667342,2.509628446584204
0,1,haar_random,pauli,6,2,at_least,random,2,10,1000,0.5988187307792885,1.4903026312122976
0,1,haar_random,pauli,6,2,at_least,random,2,10,3000,0.42544813904724604,0.7613026312122979
0,1,haar_random,clifford,6,2,at_least,random,2,10,10,2.046541838444302,6.467697368787682
0,1,haar_random,clifford,6,2,at_least,random,2,10,30,1.514660118954016,2.2588537270409814
0,1,haar_random,clifford,6,2,at_least,random,2,10,100,0.7442101901947947,1.379628446584203
0,1,haar_random,clifford,6,2,at_least,random,2,10,300,0.300877474395147,0.5129617799175378
0,1,haar_random,clifford,6,2,at_least,random,2,10,1000,0.19164175930027333,0.42269736878770053
0,1,haar_random,clifford,6,2,at_least,random,2,10,3000,0.11325832041208685,0.26073935499628226
0,1,haar_random,seeqst_uniform,6,2,at_least,random,2,10,10,0.07298573202342917,0.12362103222710745
0,1,haar_random,seeqst_uniform,6,2,at_least,random,2,10,30,0.07298573202342917,0.12362103222710745
0,1,haar_random,seeqst_uniform,6,2,at_least,random,2,10,100,0.7308034413662734,1.372187060374319
0,1,haar_random,seeqst_uniform,6,2,at_least,random,2,10,300,0.5577815354772228,0.8265129975259138
0,1,haar_random,seeqst_uniform,6,2,at_least,random,2,10,1000,0.3912358605302341,0.8744601575143288
0,1,haar_random,seeqst_uniform,6,2,at_least,random,2,10,3000,0.16687378886332263,0.3197934908476622
0,1,haar_random,seeqst_binomial_tuned,6,2,at_least,random,2,10,10,0.07298573202342917,0.12362103222710745
0,1,haar_random,seeqst_binomial_tuned,6,2,at_least,random,2,10,30,0.923508400070637,2.9138789677728916
0,1,haar_random,seeqst_binomial_tuned,6,2,at_least,random,2,10,100,0.9438753313437735,1.883766697420458
0,1,haar_random,seeqst_binomial_tuned,6,2,at_least,random,2,10,300,0.7590975446137657,1.3951289677728922
0,1,haar_random,seeqst_binomial_tuned,6,2,at_least,random,2,10,1000,0.3736267055758081,0.8354601575143287
0,1,haar_random,seeqst_binomial_tuned,6,2,at_least,random,2,10,3000,0.14412963071277687,0.2769296641925803
0,1,haar_random,seeqst_binomial_untuned,6,2,at_least,random,2,10,10,5.702580250206832,18.0320888443161
0,1,haar_random,seeqst_binomial_untuned,6,2,at_least,random,2,10,30,2.6726759049168876,6.020831571650533
0,1,haar_random,seeqst_binomial_untuned,6,2,at_least,random,2,10,100,1.1073186493524516,1.7946436759839368
0,1,haar_random,seeqst_binomial_untuned,6,2,at_least,random,2,10,300,0.8116426496715193,1.7456117163754732
0,1,haar_random,seeqst_binomial_untuned,6,2,at_least,random,2,10,1000,0.5027887464756495,0.7841644616000529
0,1,haar_random,seeqst_binomial_untuned,6,2,at_least,random,2,10,3000,0.3116630984511608,0.48156929699099943
0,1,haar_random,seeqst_unifsize_tuned,6,2,at_least,random,2,10,10,0.07298573202342917,0.12362103222710745
0,1,haar_random,seeqst_unifsize_tuned,6,2,at_least,random,2,10,30,1.8683309873687262,3.0323026312122985
0,1,haar_random,seeqst_unifsize_tuned,6,2,at_least,random,2,10,100,0.9224105857663922,1.8323026312122983
0,1,haar_random,seeqst_unifsize_tuned,6,2,at_least,random,2,10,300,0.36716539509815144,0.6921870603743188
0,1,haar_random,seeqst_unifsize_tuned,6,2,at_least,random,2,10,1000,0.29813967235285505,0.5131796641925804
0,1,haar_random,seeqst_unifsize_tuned,6,2,at_least,random,2,10,3000,0.15684732410525434,0.27317966419258033
0,2,haar_random,pauli,6,2,at_least,random,2,10,10,22.961266958414612,72.60959877603464
0,2,haar_random,pauli,6,2,at_least,random,2,10,30,7.5927913333981385,24.00959877603468
0,2,haar_random,pauli,6,2,at_least,random,2,10,100,3.214707369509034,7.369628446584201
0,2,haar_random,pauli,6,2,at_least,random,2,10,300,1.2918320045531189,2.509628446584204
0,2,haar_random,pauli,6,2,at_least,random,2,10,1000,0.4372081829869704,0.6624818333482795
0,2,haar_random,pauli,6,2,at_least,random,2,10,3000,0.3495585031893382,0.6677333025795409
0,2,haar_random,clifford,6,2,at_least,random,2,10,10,2.9424948065623804,6.575171348326625
0,2,haar_random,clifford,6,2,at_least,random,2,10,30,1.557875984644727,2.2588537270409814
0,2,haar_random,clifford,6,2,at_least,random,2,10,100,0.8216858191177687,1.379628446584203
0,2,haar_random,clifford,6,2,at_least,random,2,10,300,0.44668728682502234,0.7251713483266363
0,2,haar_random,clifford,6,2,at_least,random,2,10,1000,0.15163486791218544,0.22959877603468748
0,2,haar_random,clifford,6,2,at_least,random,2,10,3000,0.09852874065458406,0.12126544270135431
0,2,haar_random,seeqst_uniform,6,2,at_least,random,2,10,10,5.691744273732349,12.724828651673363
0,2,haar_random,seeqst_uniform,6,2,at_least,random,2,10,30,1.8776119501666957,4.191495318340029
0,2,haar_random,seeqst_uniform,6,2,at_least,random,2,10,100,0.699615850385011,1.372187060374319
0,2,haar_random,seeqst_uniform,6,2,at_least,random,2,10,300,0.4268286548694467,0.8265129975259138
0,2,haar_random,seeqst_uniform,6,2,at_least,random,2,10,1000,0.26314985069156627,0.43682865167336243
0,2,haar_random,seeqst_uniform,6,2,at_least,random,2,10,3000,0.11015852941804256,0.2491462729590145
0,2,haar_random,seeqst_binomial_tuned,6,2,at_least,random,2,10,10,2.7905805086613378,8.822098776034686
0,2,haar_random,seeqst_binomial_tuned,6,2,at_least,random,2,10,30,0.87123593959296,2.747098776034688
0,2,haar_random,seeqst_binomial_tuned,6,2,at_least,random,2,10,100,0.7974299971108113,1.883766697420458
0,2,haar_random,seeqst_binomial_tuned,6,2,at_least,random,2,10,300,0.5807550735045176,1.3071870603743185
0,2,haar_random,seeqst_binomial_tuned,6,2,at_least,random,2,10,1000,0.23266247128767387,0.43101816665172005
0,2,haar_random,seeqst_binomial_tuned,6,2,at_least,random,2,10,3000,0.23683471285300786,0.37026816665172013
0,2,haar_random,seeqst_binomial_untuned,6,2,at_least,random,2,10,10,0.11327038888144958,0.29040122396531143
0,2,haar_random,seeqst_binomial_untuned,6,2,at_least,random,2,10,30,0.11327038888144958,0.29040122396531143
0,2,haar_random,seeqst_binomial_untuned,6,2,at_least,random,2,10,100,0.8625915372824883,2.105972211619632
0,2,haar_random,seeqst_binomial_untuned,6,2,at_least,random,2,10,300,0.5689025579744121,1.1181935980618949
0,2,haar_random,seeqst_binomial_untuned,6,2,at_least,random,2,10,1000,0.3531995743469509,0.6649616976412696
0,2,haar_random,seeqst_binomial_untuned,6,2,at_least,random,2,10,3000,0.3243053455838801,0.490151397104395
0,2,haar_random,seeqst_unifsize_tuned,6,2,at_least,random,2,10,10,4.056278384731345,9.066823375955938
0,2,haar_random,seeqst_unifsize_tuned,6,2,at_least,random,2,10,30,1.8976158666778724,3.0668233759559373
0,2,haar_random,seeqst_unifsize_tuned,6,2,at_least,random,2,10,100,0.8259660155513319,1.7203715534157948
0,2,haar_random,seeqst_unifsize_tuned,6,2,at_least,random,2,10,300,0.34975822287798003,0.6921870603743188
0,2,haar_random,seeqst_unifsize_tuned,6,2,at_least,random,2,10,1000,0.26801034764168996,0.5131796641925804
0,2,haar_random,seeqst_unifsize_tuned,6,2,at_least,random,2,10,3000,0.15180557580608717,0.27317966419258033
0,0,ghz,pauli,6,2,at_least,random,2,10,10,0.0,0.0
0,0,ghz,pauli,6,2,at_least,random,2,10,30,7.684334714209159,24.29999999999999
0,0,ghz,pauli,6,2,at_least,random,2,10,100,3.9928974442126592,7.2899999999999965
0,0,ghz,pauli,6,2,at_least,random,2,10,300,2.429999999999999,4.859999999999998
0,0,ghz,pauli,6,2,at_least,random,2,10,1000,1.129361943754082,2.186999999999999
0,0,ghz,pauli,6,2,at_least,random,2,10,3000,0.33495238467579225,0.4859999999999998
0,0,ghz,clifford,6,2,at_least,random,2,10,10,4.110960958218885,6.4999999999999885
0,0,ghz,clifford,6,2,at_least,random,2,10,30,1.8127633908238272,4.333333333333326
0,0,ghz,clifford,6,2,at_least,random,2,10,100,0.7120393247567148,1.2999999999999983
0,0,ghz,clifford,6,2,at_least,random,2,10,300,0.4940760175429589,1.2999999999999978
0,0,ghz,clifford,6,2,at_least,random,2,10,1000,0.3307982768999856,0.519999999999999
0,0,ghz,clifford,6,2,at_least,random,2,10,3000,0.1353082899652983,0.1949999999999996
0,0,ghz,seeqst_uniform,6,2,at_least,random,2,10,10,0.0,0.0
0,0,ghz,seeqst_uniform,6,2,at_least,random,2,10,30,0.0,0.0
0,0,ghz,seeqst_uniform,6,2,at_least,random,2,10,100,0.40477154050155256,1.28
0,0,ghz,seeqst_uniform,6,2,at_least,random,2,10,300,0.7139498893090779,1.7066666666666668
0,0,ghz,seeqst_uniform,6,2,at_least,random,2,10,1000,0.24951793522710947,0.512
0,0,ghz,seeqst_uniform,6,2,at_least,random,2,10,3000,0.1674360906269746,0.2986666666666667
0,0,ghz,seeqst_binomial_tuned,6,2,at_least,random,2,10,10,4.075233888993366,9.112499999999997
0,0,ghz,seeqst_binomial_tuned,6,2,at_least,random,2,10,30,2.1478368478541374,3.037499999999999
0,0,ghz,seeqst_binomial_tuned,6,2,at_least,random,2,10,100,1.0782055404699045,1.8224999999999993
0,0,ghz,seeqst_binomial_tuned,6,2,at_least,random,2,10,300,0.8150467777986731,1.2149999999999996
0,0,ghz,seeqst_binomial_tuned,6,2,at_least,random,2,10,1000,0.4244899457731595,0.7289999999999999
0,0,ghz,seeqst_binomial_tuned,6,2,at_least,random,2,10,3000,0.16187338802286186,0.30374999999999996
0,0,ghz,seeqst_binomial_untuned,6,2,at_least,random,2,10,10,5.741339574709099,18.155709876543206
0,0,ghz,seeqst_binomial_untuned,6,2,at_least,random,2,10,30,1.9137798582363663,6.051903292181069
0,0,ghz,seeqst_binomial_untuned,6,2,at_least,random,2,10,100,1.9888583693804096,5.446712962962962
0,0,ghz,seeqst_binomial_untuned,6,2,at_least,random,2,10,300,1.283802557095928,2.4207613168724276
0,0,ghz,seeqst_binomial_untuned,6,2,at_least,random,2,10,1000,0.46642863198993006,0.7262283950617283
0,0,ghz,seeqst_binomial_untuned,6,2,at_least,random,2,10,3000,0.23124290010409315,0.4236332304526748
0,0,ghz,seeqst_unifsize_tuned,6,2,at_least,random,2,10,10,4.024922359499621,9.0
0,0,ghz,seeqst_unifsize_tuned,6,2,at_least,random,2,10,30,1.6431676725154984,3.0
0,0,ghz,seeqst_unifsize_tuned,6,2,at_least,random,2,10,100,1.3042239071570494,3.6
0,0,ghz,seeqst_unifsize_tuned,6,2,at_least,random,2,10,300,0.8270429251254132,2.1
0,0,ghz,seeqst_unifsize_tuned,6,2,at_least,random,2,10,1000,0.4124318125460256,0.54
0,0,ghz,seeqst_unifsize_tuned,6,2,at_least,random,2,10,3000,0.2622212806009459,0.54
0,1,ghz,pauli,6,2,at_least,random,2,10,10,0.0,0.0
0,1,ghz,pauli,6,2,at_least,random,2,10,30,7.684334714209159,24.29999999999999
0,1,ghz,pauli,6,2,at_least,random,2,10,100,2.3053004142627476,7.2899999999999965
0,1,ghz,pauli,6,2,at_least,random,2,10,300,1.0867290370648972,2.429999999999999
0,1,ghz,pauli,6,2,at_least,random,2,10,1000,0.6099251593433408,1.4579999999999993
0,1,ghz,pauli,6,2,at_least,random,2,10,3000,0.3260187111194692,0.7289999999999996
0,1,ghz,clifford,6,2,at_least,random,2,10,10,2.0554804791094425,6.499999999999988
0,1,ghz,clifford,6,2,at_least,random,2,10,30,0.6851601597031476,2.1666666666666625
0,1,ghz,clifford,6,2,at_least,random,2,10,100,0.459619407771255,0.6499999999999989
0,1,ghz,clifford,6,2,at_least,random,2,10,300,0.2906888370749722,0.6499999999999988
0,1,ghz,clifford,6,2,at_least,random,2,10,1000,0.2106240726982551,0.4549999999999993
0,1,ghz,clifford,6,2,at_least,random,2,10,3000,0.13143650769689327,0.1949999999999996
0,1,ghz,seeqst_uniform,6,2,at_least,random,2,10,10,0.0,0.0
0,1,ghz,seeqst_uniform,6,2,at_least,random,2,10,30,1.3492384683385086,4.266666666666667
0,1,ghz,seeqst_uniform,6,2,at_least,random,2,10,100,0.5724334022399462,1.28
0,1,ghz,seeqst_uniform,6,2,at_least,random,2,10,300,0.7010848736066126,1.7066666666666668
0,1,ghz,seeqst_uniform,6,2,at_least,random,2,10,1000,0.27452941554594834,0.512
0,1,ghz,seeqst_uniform,6,2,at_least,random,2,10,3000,0.2480544743039767,0.4693333333333333
0,1,ghz,seeqst_binomial_tuned,6,2,at_least,random,2,10,10,0.0,0.0
0,1,ghz,seeqst_binomial_tuned,6,2,at_least,random,2,10,30,1.358411296331122,3.037499999999999
0,1,ghz,seeqst_binomial_tuned,6,2,at_least,random,2,10,100,1.1160487640555852,1.8224999999999993
0,1,ghz,seeqst_binomial_tuned,6,2,at_least,random,2,10,300,0.651471171656889,1.2149999999999996
0,1,ghz,seeqst_binomial_tuned,6,2,at_least,random,2,10,1000,0.18451406196412232,0.3644999999999999
0,1,ghz,seeqst_binomial_tuned,6,2,at_least,random,2,10,3000,0.10951861999221867,0.24299999999999997
0,1,ghz,seeqst_binomial_untuned,6,2,at_least,random,2,10,10,0.0,0.0
0,1,ghz,seeqst_binomial_untuned,6,2,at_least,random,2,10,30,1.9137798582363663,6.051903292181069
0,1,ghz,seeqst_binomial_untuned,6,2,at_least,random,2,10,100,2.7534497318432734,5.446712962962962
0,1,ghz,seeqst_binomial_untuned,6,2,at_least,random,2,10,300,1.115915829070011,2.4207613168724276
0,1,ghz,seeqst_binomial_untuned,6,2,at_least,random,2,10,1000,0.4296425125937572,0.7262283950617283
0,1,ghz,seeqst_binomial_untuned,6,2,at_least,random,2,10,3000,0.23124290010409315,0.4236332304526748
0,1,ghz,seeqst_unifsize_tuned,6,2,at_least,random,2,10,10,2.8460498941515415,9.0
0,1,ghz,seeqst_unifsize_tuned,6,2,at_least,random,2,10,30,1.3416407864998738,3.0
0,1,ghz,seeqst_unifsize_tuned,6,2,at_least,random,2,10,100,1.2727922061357857,3.6
0,1,ghz,seeqst_unifsize_tuned,6,2,at_least,random,2,10,300,0.9581231653602786,2.1
0,1,ghz,seeqst_unifsize_tuned,6,2,at_least,random,2,10,1000,0.4693825731745907,0.81
0,1,ghz,seeqst_unifsize_tuned,6,2,at_least,random,2,10,3000,0.2071955597979841,0.54
0,2,ghz,pauli,6,2,at_least,random,2,10,10,0.0,0.0
0,2,ghz,pauli,6,2,at_least,random,2,10,30,7.684334714209159,24.29999999999999
0,2,ghz,pauli,6,2,at_least,random,2,10,100,2.3053004142627476,7.2899999999999965
0,2,ghz,pauli,6,2,at_least,random,2,10,300,1.7182694782833097,4.859999999999998
0,2,ghz,pauli,6,2,at_least,random,2,10,1000,0.6915901242788243,1.4579999999999993
0,2,ghz,pauli,6,2,at_least,random,2,10,3000,0.37645398125136076,0.4859999999999998
0,2,ghz,clifford,6,2,at_least,random,2,10,10,2.0554804791094425,6.499999999999988
0,2,ghz,clifford,6,2,at_least,random,2,10,30,1.1867322079278573,2.1666666666666625
0,2,ghz,clifford,6,2,at_least,random,2,10,100,0.7690903718029485,1.2999999999999972
0,2,ghz,clifford,6,2,at_least,random,2,10,300,0.517284576740243,1.0833333333333313
0,2,ghz,clifford,6,2,at_least,random,2,10,1000,0.3790118731649438,0.8449999999999984
0,2,ghz,clifford,6,2,at_least,random,2,10,3000,0.11827698188762001,0.19499999999999962
0,2,ghz,seeqst_uniform,6,2,at_least,random,2,10,10,0.0,0.0
0,2,ghz,seeqst_uniform,6,2,at_least,random,2,10,30,1.3492384683385086,4.266666666666667
0,2,ghz,seeqst_uniform,6,2,at_least,random,2,10,100,1.1448668044798924,1.28
0,2,ghz,seeqst_uniform,6,2,at_least,random,2,10,300,0.6328489375654966,0.8533333333333334
0,2,ghz,seeqst_uniform,6,2,at_least,random,2,10,1000,0.1941216113677197,0.256
0,2,ghz,seeqst_uniform,6,2,at_least,random,2,10,3000,0.201032004085585,0.256
0,2,ghz,seeqst_binomial_tuned,6,2,at_least,random,2,10,10,5.76325103565687,9.112499999999997
0,2,ghz,seeqst_binomial_tuned,6,2,at_least,random,2,10,30,1.9210836785522898,3.037499999999999
0,2,ghz,seeqst_binomial_tuned,6,2,at_least,random,2,10,100,1.5248128983583522,3.6449999999999987
0,2,ghz,seeqst_binomial_tuned,6,2,at_least,random,2,10,300,0.5763251035656869,0.9112499999999997
0,2,ghz,seeqst_binomial_tuned,6,2,at_least,random,2,10,1000,0.30085053650026944,0.7289999999999999
0,2,ghz,seeqst_binomial_tuned,6,2,at_least,random,2,10,3000,0.15278353253050536,0.30374999999999996
0,2,ghz,seeqst_binomial_untuned,6,2,at_least,random,2,10,10,5.741339574709099,18.155709876543206
0,2,ghz,seeqst_binomial_untuned,6,2,at_least,random,2,10,30,2.7064934309143283,6.051903292181069
0,2,ghz,seeqst_binomial_untuned,6,2,at_least,random,2,10,100,1.1482679149418198,1.8155709876543207
0,2,ghz,seeqst_binomial_untuned,6,2,at_least,random,2,10,300,0.6051903292181069,1.2103806584362138
0,2,ghz,seeqst_binomial_untuned,6,2,at_least,random,2,10,1000,0.5199004105782096,0.9077854938271602
0,2,ghz,seeqst_binomial_untuned,6,2,at_least,random,2,10,3000,0.27401157564730677,0.4236332304526748
0,2,ghz,seeqst_unifsize_tuned,6,2,at_least,random,2,10,10,2.8460498941515415,9.0
0,2,ghz,seeqst_unifsize_tuned,6,2,at_least,random,2,10,30,0.9486832980505138,3.0
0,2,ghz,seeqst_unifsize_tuned,6,2,at_least,random,2,10,100,0.6363961030678928,0.9
0,2,ghz,seeqst_unifsize_tuned,6,2,at_least,random,2,10,300,0.48373546489791297,0.9
0,2,ghz,seeqst_unifsize_tuned,6,2,at_least,random,2,10,1000,0.4153673073317158,0.63
0,2,ghz,seeqst_unifsize_tuned,6,2,at_least,random,2,10,3000,0.22807893370497853,0.36
0,0,random_stabilizer,pauli,6,2,at_least,random,2,10,10,23.053004142627472,72.89999999999996
0,0,random_stabilizer,pauli,6,2,at_least,random,2,10,30,7.684334714209159,24.29999999999999
0,0,random_stabilizer,pauli,6,2,at_least,random,2,10,100,3.9928974442126592,7.2899999999999965
0,0,random_stabilizer,pauli,6,2,at_least,random,2,10,300,2.1734580741297944,4.859999999999998
0,0,random_stabilizer,pauli,6,2,at_least,random,2,10,1000,0.8311878848972712,1.4579999999999993
0,0,random_stabilizer,pauli,6,2,at_least,random,2,10,3000,0.5487712638249198,0.7289999999999996
0,0,random_stabilizer,clifford,6,2,at_least,random,2,10,10,2.9068883707497197,6.4999999999999885
0,0,random_stabilizer,clifford,6,2,at_least,random,2,10,30,1.8127633908238265,4.333333333333324
0,0,random_stabilizer,clifford,6,2,at_least,random,2,10,100,0.8474963126763423,1.949999999999995
0,0,random_stabilizer,clifford,6,2,at_least,random,2,10,300,0.5307227776030208,1.2999999999999972
0,0,random_stabilizer,clifford,6,2,at_least,random,2,10,1000,0.32173358543987846,0.5849999999999989
0,0,random_stabilizer,clifford,6,2,at_least,random,2,10,3000,0.14742889058043437,0.30333333333333273
0,0,random_stabilizer,seeqst_uniform,6,2,at_least,random,2,10,10,4.047715405015526,12.8
0,0,random_stabilizer,seeqst_uniform,6,2,at_least,random,2,10,30,1.3492384683385086,4.266666666666667
0,0,random_stabilizer,seeqst_uniform,6,2,at_least,random,2,10,100,0.9050966799187808,1.28
0,0,random_stabilizer,seeqst_uniform,6,2,at_least,random,2,10,300,0.7867344603556597,1.28
0,0,random_stabilizer,seeqst_uniform,6,2,at_least,random,2,10,1000,0.39244056874895084,0.768
0,0,random_stabilizer,seeqst_uniform,6,2,at_least,random,2,10,3000,0.15907286939568852,0.2986666666666667
0,0,random_stabilizer,seeqst_binomial_tuned,6,2,at_least,random,2,10,10,4.075233888993366,9.112499999999997
0,0,random_stabilizer,seeqst_binomial_tuned,6,2,at_least,random,2,10,30,2.716822592662244,6.074999999999998
0,0,random_stabilizer,seeqst_binomial_tuned,6,2,at_least,random,2,10,100,0.7058512148463015,1.8224999999999993
0,0,random_stabilizer,seeqst_binomial_tuned,6,2,at_least,random,2,10,300,0.49911218052658246,0.9112499999999997
0,0,random_stabilizer,seeqst_binomial_tuned,6,2,at_least,random,2,10,1000,0.2593462966045591,0.4556249999999999
0,0,random_stabilizer,seeqst_binomial_tuned,6,2,at_least,random,2,10,3000,0.16072939214717386,0.36449999999999994
0,0,random_stabilizer,seeqst_binomial_untuned,6,2,at_least,random,2,10,10,0.0,0.0
0,0,random_stabilizer,seeqst_binomial_untuned,6,2,at_least,random,2,10,30,0.0,0.0
0,0,random_stabilizer,seeqst_binomial_untuned,6,2,at_least,random,2,10,100,0.5741339574709099,1.8155709876543207
0,0,random_stabilizer,seeqst_binomial_untuned,6,2,at_least,random,2,10,300,0.6051903292181069,1.2103806584362138
0,0,random_stabilizer,seeqst_binomial_untuned,6,2,at_least,random,2,10,1000,0.24358440878228957,0.36311419753086416
0,0,random_stabilizer,seeqst_binomial_untuned,6,2,at_least,random,2,10,3000,0.17117367427945704,0.24207613168724276
0,0,random_stabilizer,seeqst_unifsize_tuned,6,2,at_least,random,2,10,10,0.0,0.0
0,0,random_stabilizer,seeqst_unifsize_tuned,6,2,at_least,random,2,10,30,1.3416407864998738,3.0
0,0,random_stabilizer,seeqst_unifsize_tuned,6,2,at_least,random,2,10,100,0.6971370023173351,1.8
0,0,random_stabilizer,seeqst_unifsize_tuned,6,2,at_least,random,2,10,300,0.4242640687119285,0.9
0,0,random_stabilizer,seeqst_unifsize_tuned,6,2,at_least,random,2,10,1000,0.2943976902083303,0.54
0,0,random_stabilizer,seeqst_unifsize_tuned,6,2,at_least,random,2,10,3000,0.17646529403823288,0.3
0,1,random_stabilizer,pauli,6,2,at_least,random,2,10,10,23.057341564022497,72.89999999999996
0,1,random_stabilizer,pauli,6,2,at_least,random,2,10,30,7.697337201915994,24.29999999999999
0,1,random_stabilizer,pauli,6,2,at_least,random,2,10,100,3.290717247045086,7.2899999999999965
0,1,random_stabilizer,pauli,6,2,at_least,random,2,10,300,1.9346679301626923,4.859999999999998
0,1,random_stabilizer,pauli,6,2,at_least,random,2,10,1000,1.1817084242739402,2.186999999999999
0,1,random_stabilizer,pauli,6,2,at_least,random,2,10,3000,0.4532852302910385,0.7289999999999996
0,1,random_stabilizer,clifford,6,2,at_least,random,2,10,10,4.135214625627059,12.999999999999977
0,1,random_stabilizer,clifford,6,2,at_least,random,2,10,30,1.988857852023503,4.333333333333326
0,1,random_stabilizer,clifford,6,2,at_least,random,2,10,100,1.4005356118285577,3.899999999999992
0,1,random_stabilizer,clifford,6,2,at_least,random,2,10,300,0.6127805479941401,1.5166666666666637
0,1,random_stabilizer,clifford,6,2,at_least,random,2,10,1000,0.24003645556456582,0.45499999999999907
0,1,random_stabilizer,clifford,6,2,at_least,random,2,10,3000,0.2087868397300085,0.38999999999999907
0,1,random_stabilizer,seeqst_uniform,6,2,at_least,random,2,10,10,4.072345761351804,12.8
0,1,random_stabilizer,seeqst_uniform,6,2,at_least,random,2,10,30,1.959818585708608,4.266666666666667
0,1,random_stabilizer,seeqst_uniform,6,2,at_least,random,2,10,100,1.482160585091913,4.120000000000002
0,1,random_stabilizer,seeqst_uniform,6,2,at_least,random,2,10,300,0.4838732616433084,0.8533333333333334
0,1,random_stabilizer,seeqst_uniform,6,2,at_least,random,2,10,1000,0.3907572136250336,0.6640000000000018
0,1,random_stabilizer,seeqst_uniform,6,2,at_least,random,2,10,3000,0.1813999877496012,0.3413333333333333
0,1,random_stabilizer,seeqst_binomial_tuned,6,2,at_least,random,2,10,10,0.4472135954999571,0.9999999999999981
0,1,random_stabilizer,seeqst_binomial_tuned,6,2,at_least,random,2,10,30,0.7177329761129833,2.037500000000001
0,1,random_stabilizer,seeqst_binomial_tuned,6,2,at_least,random,2,10,100,0.9990131067708768,1.8224999999999993
0,1,random_stabilizer,seeqst_binomial_tuned,6,2,at_least,random,2,10,300,0.5953628095539727,1.2149999999999996
0,1,random_stabilizer,seeqst_binomial_tuned,6,2,at_least,random,2,10,1000,0.3300811950301017,0.5467499999999998
0,1,random_stabilizer,seeqst_binomial_tuned,6,2,at_least,random,2,10,3000,0.11816030557044112,0.273375
0,1,random_stabilizer,seeqst_binomial_untuned,6,2,at_least,random,2,10,10,0.4472135954999571,0.9999999999999981
0,1,random_stabilizer,seeqst_binomial_untuned,6,2,at_least,random,2,10,30,0.4472135954999571,0.9999999999999981
0,1,random_stabilizer,seeqst_binomial_untuned,6,2,at_least,random,2,10,100,1.074897672782842,1.8155709876543207
0,1,random_stabilizer,seeqst_binomial_untuned,6,2,at_least,random,2,10,300,0.7856102535960017,1.8155709876543207
0,1,random_stabilizer,seeqst_binomial_untuned,6,2,at_least,random,2,10,1000,0.2901039381666433,0.5446712962962962
0,1,random_stabilizer,seeqst_binomial_untuned,6,2,at_least,random,2,10,3000,0.27300800900565475,0.6051903292181069
0,1,random_stabilizer,seeqst_unifsize_tuned,6,2,at_least,random,2,10,10,0.4472135954999571,0.9999999999999981
0,1,random_stabilizer,seeqst_unifsize_tuned,6,2,at_least,random,2,10,30,1.414213562373095,3.0
0,1,random_stabilizer,seeqst_unifsize_tuned,6,2,at_least,random,2,10,100,0.7949842765740718,1.8
0,1,random_stabilizer,seeqst_unifsize_tuned,6,2,at_least,random,2,10,300,0.5787918451395112,0.9
0,1,random_stabilizer,seeqst_unifsize_tuned,6,2,at_least,random,2,10,1000,0.25775957790157866,0.54
0,1,random_stabilizer,seeqst_unifsize_tuned,6,2,at_least,random,2,10,3000,0.17804493814764882,0.32000000000000195
0,2,random_stabilizer,pauli,6,2,at_least,random,2,10,10,23.053004142627472,72.89999999999996
0,2,random_stabilizer,pauli,6,2,at_least,random,2,10,30,10.867290370648973,24.29999999999999
0,2,random_stabilizer,pauli,6,2,at_least,random,2,10,100,6.520374222389384,14.579999999999993
0,2,random_stabilizer,pauli,6,2,at_least,random,2,10,300,2.661931629475106,4.859999999999998
0,2,random_stabilizer,pauli,6,2,at_least,random,2,10,1000,1.1978692332637977,2.186999999999999
0,2,random_stabilizer,pauli,6,2,at_least,random,2,10,3000,0.537903429994641,0.9719999999999995
0,2,random_stabilizer,clifford,6,2,at_least,random,2,10,10,1.1230509215216339e-16,2.706168622523819e-16
0,2,random_stabilizer,clifford,6,2,at_least,random,2,10,30,0.9689627902499072,2.166666666666663
0,2,random_stabilizer,clifford,6,2,at_least,random,2,10,100,0.6166441437328327,1.2999999999999972
0,2,random_stabilizer,clifford,6,2,at_least,random,2,10,300,0.44928956265543313,0.8666666666666651
0,2,random_stabilizer,clifford,6,2,at_least,random,2,10,1000,0.18384776310850204,0.3899999999999992
0,2,random_stabilizer,clifford,6,2,at_least,random,2,10,3000,0.1525924128010444,0.2816666666666661
0,2,random_stabilizer,seeqst_uniform,6,2,at_least,random,2,10,10,7.0108487360661265,12.8
0,2,random_stabilizer,seeqst_uniform,6,2,at_least,random,2,10,30,3.3049457887636624,8.533333333333333
0,2,random_stabilizer,seeqst_uniform,6,2,at_least,random,2,10,100,1.0709248339636168,2.56
0,2,random_stabilizer,seeqst_uniform,6,2,at_least,random,2,10,300,0.6182987411707495,1.28
0,2,random_stabilizer,seeqst_uniform,6,2,at_least,random,2,10,1000,0.27152900397563423,0.512
0,2,random_stabilizer,seeqst_uniform,6,2,at_least,random,2,10,3000,0.1520514532796199,0.256
0,2,random_stabilizer,seeqst_binomial_tuned,6,2,at_least,random,2,10,10,2.881625517828435,9.112499999999997
0,2,random_stabilizer,seeqst_binomial_tuned,6,2,at_least,random,2,10,30,1.9210836785522898,6.074999999999998
0,2,random_stabilizer,seeqst_binomial_tuned,6,2,at_least,random,2,10,100,1.1526502071313738,1.8224999999999993
0,2,random_stabilizer,seeqst_binomial_tuned,6,2,at_least,random,2,10,300,0.470567476564201,0.6074999999999998
0,2,random_stabilizer,seeqst_binomial_tuned,6,2,at_least,random,2,10,1000,0.18675067770961357,0.27337499999999987
0,2,random_stabilizer,seeqst_binomial_tuned,6,2,at_least,random,2,10,3000,0.15157094564097695,0.33412499999999995
0,2,random_stabilizer,seeqst_binomial_untuned,6,2,at_least,random,2,10,10,5.741339574709099,18.155709876543206
0,2,random_stabilizer,seeqst_binomial_untuned,6,2,at_least,random,2,10,30,1.9137798582363663,6.051903292181069
0,2,random_stabilizer,seeqst_binomial_untuned,6,2,at_least,random,2,10,100,0.8119480292742985,1.8155709876543207
0,2,random_stabilizer,seeqst_binomial_untuned,6,2,at_least,random,2,10,300,0.5063385569017872,0.6051903292181069
0,2,random_stabilizer,seeqst_binomial_untuned,6,2,at_least,random,2,10,1000,0.22236112557769913,0.36311419753086416
0,2,random_stabilizer,seeqst_binomial_untuned,6,2,at_least,random,2,10,3000,0.22400218935836214,0.6051903292181069
0,2,random_stabilizer,seeqst_unifsize_tuned,6,2,at_least,random,2,10,10,0.0,0.0
0,2,random_stabilizer,seeqst_unifsize_tuned,6,2,at_least,random,2,10,30,1.3416407864998738,3.0
0,2,random_stabilizer,seeqst_unifsize_tuned,6,2,at_least,random,2,10,100,0.5692099788303083,0.9
0,2,random_stabilizer,seeqst_unifsize_tuned,6,2,at_least,random,2,10,300,0.4449719092257398,0.9
0,2,random_stabilizer,seeqst_unifsize_tuned,6,2,at_least,random,2,10,1000,0.3699864862397004,0.81
0,2,random_stabilizer,seeqst_unifsize_tuned,6,2,at_least,random,2,10,3000,0.15089731607951148,0.3
1,0,haar_random,pauli,6,2,at_least,random,2,10,10,0.09172780367252852,0.24021021547808358
1,0,haar_random,pauli,6,2,at_least,random,2,10,30,0.09172780367252852,0.24021021547808358
1,0,haar_random,pauli,6,2,at_least,random,2,10,100,0.09172780367252852,0.24021021547808358
1,0,haar_random,pauli,6,2,at_least,random,2,10,300,1.0344669265446875,2.424794232243982
1,0,haar_random,pauli,6,2,at_least,random,2,10,1000,0.6127493678496931,1.3113158161015082
1,0,haar_random,pauli,6,2,at_least,random,2,10,3000,0.38402327512532847,1.0683158161015083
1,0,haar_random,clifford,6,2,at_least,random,2,10,10,0.09172780367252849,0.24021021547808352
1,0,haar_random,clifford,6,2,at_least,random,2,10,30,0.7068460820340986,2.216911934226494
1,0,haar_random,clifford,6,2,at_least,random,2,10,100,0.5562744940964852,0.7966841838984902
1,0,haar_random,clifford,6,2,at_least,random,2,10,300,0.23948616411348486,0.41936000805677953
1,0,haar_random,clifford,6,2,at_least,random,2,10,1000,0.13245412754359487,0.2652057677560163
1,0,haar_random,clifford,6,2,at_least,random,2,10,3000,0.15757130938490385,0.24524526755983142
1,0,haar_random,seeqst_uniform,6,2,at_least,random,2,10,10,5.672283720319189,12.805205767756018
1,0,haar_random,seeqst_uniform,6,2,at_least,random,2,10,30,2.9857229172543422,8.53853910108935
1,0,haar_random,seeqst_uniform,6,2,at_least,random,2,10,100,1.5403017929724923,3.8452057677560165
1,0,haar_random,seeqst_uniform,6,2,at_least,random,2,10,300,0.4983877271876073,0.8585391010893502
1,0,haar_random,seeqst_uniform,6,2,at_least,random,2,10,1000,0.30792830154000733,0.6557897845219165
1,0,haar_random,seeqst_uniform,6,2,at_least,random,2,10,3000,0.30497308897658876,0.4579874797636255
1,0,haar_random,seeqst_binomial_tuned,6,2,at_least,random,2,10,10,0.09172780367252852,0.24021021547808358
1,0,haar_random,seeqst_binomial_tuned,6,2,at_least,random,2,10,30,1.3552555662145693,3.023526674723446
1,0,haar_random,seeqst_binomial_tuned,6,2,at_least,random,2,10,100,1.0450464770608514,1.8085266747234463
1,0,haar_random,seeqst_binomial_tuned,6,2,at_least,random,2,10,300,0.42692046939375305,0.8477102154780833
1,0,haar_random,seeqst_binomial_tuned,6,2,at_least,random,2,10,1000,0.29495922735066565,0.6271115933345518
1,0,haar_random,seeqst_binomial_tuned,6,2,at_least,random,2,10,3000,0.1372812317752214,0.32336159333455183
1,0,haar_random,seeqst_binomial_untuned,6,2,at_least,random,2,10,10,0.09172780367252852,0.24021021547808358
1,0,haar_random,seeqst_binomial_untuned,6,2,at_least,random,2,10,30,0.09172780367252852,0.24021021547808358
1,0,haar_random,seeqst_binomial_untuned,6,2,at_least,random,2,10,100,0.5008193800720517,1.575360772176237
1,0,haar_random,seeqst_binomial_untuned,6,2,at_least,random,2,10,300,0.4304687754629829,0.6554355967779387
1,0,haar_random,seeqst_binomial_untuned,6,2,at_least,random,2,10,1000,0.26633254471715273,0.549877064052313
1,0,haar_random,seeqst_binomial_untuned,6,2,at_least,random,2,10,3000,0.13754365904871257,0.3683199652868808
1,0,haar_random,seeqst_unifsize_tuned,6,2,at_least,random,2,10,10,4.0208915574926465,8.988654146430292
1,0,haar_random,seeqst_unifsize_tuned,6,2,at_least,random,2,10,30,1.3397010732558725,2.9886541464302923
1,0,haar_random,seeqst_unifsize_tuned,6,2,at_least,random,2,10,100,0.9490074784939452,1.8113458535697078
1,0,haar_random,seeqst_unifsize_tuned,6,2,at_least,random,2,10,300,0.5553050418406879,0.889236593334552
1,0,haar_random,seeqst_unifsize_tuned,6,2,at_least,random,2,10,1000,0.338412298415818,0.5797547324401682
1,0,haar_random,seeqst_unifsize_tuned,6,2,at_least,random,2,10,3000,0.16289898787675294,0.3397547324401682
1,1,haar_random,pauli,6,2,at_least,random,2,10,10,0.10259815853853681,0.2131797858021749
1,1,haar_random,pauli,6,2,at_least,random,2,10,30,7.715327389486313,24.39603916560127
1,1,haar_random,pauli,6,2,at_least,random,2,10,100,2.3377257079439744,7.386039165601274
1,1,haar_random,pauli,6,2,at_least,random,2,10,300,2.5785960312306235,7.357967132229101
1,1,haar_random,pauli,6,2,at_least,random,2,10,1000,0.8515659763825423,2.2549671322291025
1,1,haar_random,pauli,6,2,at_least,random,2,10,3000,0.5252929350322503,1.0399671322291033
1,1,haar_random,clifford,6,2,at_least,random,2,10,10,0.10259815853853682,0.2131797858021749
1,1,haar_random,clifford,6,2,at_least,random,2,10,30,1.4182429695754775,2.379846452468838
1,1,haar_random,clifford,6,2,at_least,random,2,10,100,0.7989137188939767,1.2266798299021038
1,1,haar_random,clifford,6,2,at_least,random,2,10,300,0.4791072584410159,0.9090741547607359
1,1,haar_random,clifford,6,2,at_least,random,2,10,1000,0.2718861354142267,0.4974074880940702
1,1,haar_random,clifford,6,2,at_least,random,2,10,3000,0.19779913469998062,0.42396083439872095
1,1,haar_random,seeqst_uniform,6,2,at_least,random,2,10,10,5.742782668971682,12.873320170097895
1,1,haar_random,seeqst_uniform,6,2,at_least,random,2,10,30,3.3118659968486592,8.53853910108935
1,1,haar_random,seeqst_uniform,6,2,at_least,random,2,10,100,1.616493122138014,3.8452057677560165
1,1,haar_random,seeqst_uniform,6,2,at_least,random,2,10,300,0.5032192578788405,0.9493724989346112
1,1,haar_random,seeqst_uniform,6,2,at_least,random,2,10,1000,0.28433109844830645,0.6828202141978251
1,1,haar_random,seeqst_uniform,6,2,at_least,random,2,10,3000,0.18450263531466493,0.41465350343122737
1,1,haar_random,seeqst_binomial_tuned,6,2,at_least,random,2,10,10,2.8529389456886673,9.01646083439872
1,1,haar_random,seeqst_binomial_tuned,6,2,at_least,random,2,10,30,1.9105957761095609,3.1054671322291028
1,1,haar_random,seeqst_binomial_tuned,6,2,at_least,random,2,10,100,0.964738352484338,2.0356797858021745
1,1,haar_random,seeqst_binomial_tuned,6,2,at_least,random,2,10,300,0.39122587992022284,0.6754671322291035
1,1,haar_random,seeqst_binomial_tuned,6,2,at_least,random,2,10,1000,0.1846085372282897,0.26816923224398315
1,1,haar_random,seeqst_binomial_tuned,6,2,at_least,random,2,10,3000,0.18584133061623803,0.306422199856621
1,1,haar_random,seeqst_binomial_untuned,6,2,at_least,random,2,10,10,0.10259815853853681,0.2131797858021749
1,1,haar_random,seeqst_binomial_untuned,6,2,at_least,random,2,10,30,3.2878758127001935,6.125223462278963
1,1,haar_random,seeqst_binomial_untuned,6,2,at_least,random,2,10,100,1.4896247345390028,3.4179621895064667
1,1,haar_random,seeqst_binomial_untuned,6,2,at_least,random,2,10,300,0.9565070078923543,1.6023912018521458
1,1,haar_random,seeqst_binomial_untuned,6,2,at_least,random,2,10,1000,0.5582180987406394,0.9811056639250543
1,1,haar_random,seeqst_binomial_untuned,6,2,at_least,random,2,10,3000,0.3319329618064799,0.5130486092595533
1,1,haar_random,seeqst_unifsize_tuned,6,2,at_least,random,2,10,10,2.869297339096784,9.067967132229104
1,1,haar_random,seeqst_unifsize_tuned,6,2,at_least,random,2,10,30,1.9035366355195542,3.0679671322291036
1,1,haar_random,seeqst_unifsize_tuned,6,2,at_least,random,2,10,100,0.6765917127550202,1.113179785802175
1,1,haar_random,seeqst_unifsize_tuned,6,2,at_least,random,2,10,300,0.2194633647775161,0.39603916560127783
1,1,haar_random,seeqst_unifsize_tuned,6,2,at_least,random,2,10,1000,0.20303745612460986,0.3723493861908843
1,1,haar_random,seeqst_unifsize_tuned,6,2,at_least,random,2,10,3000,0.13722319769741514,0.3423493861908843
1,2,haar_random,pauli,6,2,at_least,random,2,10,10,0.14327340930963112,0.24021021547808358
1,2,haar_random,pauli,6,2,at_least,random,2,10,30,7.715975480432618,24.39603916560127
1,2,haar_random,pauli,6,2,at_least,random,2,10,100,3.238099809542532,7.386039165601274
1,2,haar_random,pauli,6,2,at_least,random,2,10,300,2.774410058282564,5.012589289896885
1,2,haar_random,pauli,6,2,at_least,random,2,10,1000,1.3770536482283156,2.733132578539658
1,2,haar_random,pauli,6,2,at_least,random,2,10,3000,0.6216910357482341,1.1411763060947668
1,2,haar_random,clifford,6,2,at_least,random,2,10,10,2.056590459704928,6.487720807026247
1,2,haar_random,clifford,6,2,at_least,random,2,10,30,0.9602629367643017,2.154387473692921
1,2,haar_random,clifford,6,2,at_least,random,2,10,100,0.6238603656047111,1.2261763060947646
1,2,haar_random,clifford,6,2,at_least,random,2,10,300,0.3822381972368274,1.07105414035959
1,2,haar_random,clifford,6,2,at_least,random,2,10,1000,0.22952941738611923,0.4239608343987212
1,2,haar_random,clifford,6,2,at_least,random,2,10,3000,0.16336202767770777,0.42396083439872095
1,2,haar_random,seeqst_uniform,6,2,at_least,random,2,10,10,5.713294121356767,12.982867421460341
1,2,haar_random,seeqst_uniform,6,2,at_least,random,2,10,30,1.9006534773972577,4.449534088127008
1,2,haar_random,seeqst_uniform,6,2,at_least,random,2,10,100,0.7074680119609231,1.462867421460341
1,2,haar_random,seeqst_uniform,6,2,at_least,random,2,10,300,0.7343823436639044,1.6446291629398941
1,2,haar_random,seeqst_uniform,6,2,at_least,random,2,10,1000,0.3064025870744628,0.6557897845219165
1,2,haar_random,seeqst_uniform,6,2,at_least,random,2,10,3000,0.16006203543380249,0.28638747369292505
1,2,haar_random,seeqst_binomial_tuned,6,2,at_least,random,2,10,10,4.070146249343985,9.17453750372677
1,2,haar_random,seeqst_binomial_tuned,6,2,at_least,random,2,10,30,1.9211105767826153,3.1113236939052316
1,2,haar_random,seeqst_binomial_tuned,6,2,at_least,random,2,10,100,0.8724444105697788,1.896323693905232
1,2,haar_random,seeqst_binomial_tuned,6,2,at_least,random,2,10,300,0.6176000824818062,1.2888236939052322
1,2,haar_random,seeqst_binomial_tuned,6,2,at_least,random,2,10,1000,0.28373021902893386,0.5590291929737415
1,2,haar_random,seeqst_binomial_tuned,6,2,at_least,random,2,10,3000,0.15797203170814564,0.36043604026232934
1,2,haar_random,seeqst_binomial_untuned,6,2,at_least,random,2,10,10,0.14327340930963112,0.24021021547808358
1,2,haar_random,seeqst_binomial_untuned,6,2,at_least,random,2,10,30,0.14327340930963112,0.24021021547808358
1,2,haar_random,seeqst_binomial_untuned,6,2,at_least,random,2,10,100,0.9897438135589418,1.9116101532555985
1,2,haar_random,seeqst_binomial_untuned,6,2,at_least,random,2,10,300,0.7803421749596939,1.3064198240374916
1,2,haar_random,seeqst_binomial_untuned,6,2,at_least,random,2,10,1000,0.4072331467315992,0.6524047011564957
1,2,haar_random,seeqst_binomial_untuned,6,2,at_least,random,2,10,3000,0.2388637770659981,0.42232290775776604
1,2,haar_random,seeqst_unifsize_tuned,6,2,at_least,random,2,10,10,3.9891688932081237,9.012279192973741
1,2,haar_random,seeqst_unifsize_tuned,6,2,at_least,random,2,10,30,1.8756185939597636,3.0734416560458233
1,2,haar_random,seeqst_unifsize_tuned,6,2,at_least,random,2,10,100,1.0761133782141656,1.8734416560458231
1,2,haar_random,seeqst_unifsize_tuned,6,2,at_least,random,2,10,300,0.5300272517375542,0.9914389597376705
1,2,haar_random,seeqst_unifsize_tuned,6,2,at_least,random,2,10,1000,0.32864733164735754,0.5277208070262583
1,2,haar_random,seeqst_unifsize_tuned,6,2,at_least,random,2,10,3000,0.12512056013644415,0.21143895973767057
1,0,ghz,pauli,6,2,at_least,random,2,10,10,0.0,0.0
1,0,ghz,pauli,6,2,at_least,random,2,10,30,0.0,0.0
1,0,ghz,pauli,6,2,at_least,random,2,10,100,3.260187111194692,7.2899999999999965
1,0,ghz,pauli,6,2,at_least,random,2,10,300,2.429999999999999,4.859999999999998
1,0,ghz,pauli,6,2,at_least,random,2,10,1000,0.8625644323759236,1.4579999999999993
1,0,ghz,pauli,6,2,at_least,random,2,10,3000,0.6520374222389383,0.9719999999999995
1,0,ghz,clifford,6,2,at_least,random,2,10,10,3.560196623783573,6.4999999999999885
1,0,ghz,clifford,6,2,at_least,random,2,10,30,2.055480479109443,4.333333333333325
1,0,ghz,clifford,6,2,at_least,random,2,10,100,0.7120393247567145,1.949999999999996
1,0,ghz,clifford,6,2,at_least,random,2,10,300,0.3064129385141699,0.6499999999999984
1,0,ghz,clifford,6,2,at_least,random,2,10,1000,0.19282116066448685,0.3899999999999991
1,0,ghz,clifford,6,2,at_least,random,2,10,3000,0.13788582233137656,0.1949999999999998
1,0,ghz,seeqst_uniform,6,2,at_least,random,2,10,10,0.0,0.0
1,0,ghz,seeqst_uniform,6,2,at_least,random,2,10,30,0.0,0.0
1,0,ghz,seeqst_uniform,6,2,at_least,random,2,10,100,0.40477154050155256,1.28
1,0,ghz,seeqst_uniform,6,2,at_least,random,2,10,300,0.4266666666666667,0.8533333333333334
1,0,ghz,seeqst_uniform,6,2,at_least,random,2,10,1000,0.40679036370101,0.64
1,0,ghz,seeqst_uniform,6,2,at_least,random,2,10,3000,0.1711991692607051,0.256
1,0,ghz,seeqst_binomial_tuned,6,2,at_least,random,2,10,10,0.0,0.0
1,0,ghz,seeqst_binomial_tuned,6,2,at_least,random,2,10,30,0.9605418392761449,3.037499999999999
1,0,ghz,seeqst_binomial_tuned,6,2,at_least,random,2,10,100,0.762406449179176,1.8224999999999993
1,0,ghz,seeqst_binomial_tuned,6,2,at_least,random,2,10,300,0.7315268706616317,1.2149999999999996
1,0,ghz,seeqst_binomial_tuned,6,2,at_least,random,2,10,1000,0.33605239546832566,0.7289999999999999
1,0,ghz,seeqst_binomial_tuned,6,2,at_least,random,2,10,3000,0.17422650935635478,0.273375
1,0,ghz,seeqst_binomial_untuned,6,2,at_least,random,2,10,10,0.0,0.0
1,0,ghz,seeqst_binomial_untuned,6,2,at_least,random,2,10,30,0.0,0.0
1,0,ghz,seeqst_binomial_untuned,6,2,at_least,random,2,10,100,0.9944291846902049,1.8155709876543207
1,0,ghz,seeqst_binomial_untuned,6,2,at_least,random,2,10,300,0.33147639489673497,0.6051903292181069
1,0,ghz,seeqst_binomial_untuned,6,2,at_least,random,2,10,1000,0.676893952963446,1.2708996913580244
1,0,ghz,seeqst_binomial_untuned,6,2,at_least,random,2,10,3000,0.4799735466150888,0.7262283950617282
1,0,ghz,seeqst_unifsize_tuned,6,2,at_least,random,2,10,10,4.024922359499621,9.0
1,0,ghz,seeqst_unifsize_tuned,6,2,at_least,random,2,10,30,1.6431676725154984,3.0
1,0,ghz,seeqst_unifsize_tuned,6,2,at_least,random,2,10,100,0.8049844718999243,0.9
1,0,ghz,seeqst_unifsize_tuned,6,2,at_least,random,2,10,300,0.7529940238806679,1.2
1,0,ghz,seeqst_unifsize_tuned,6,2,at_least,random,2,10,1000,0.248112877537624,0.45
1,0,ghz,seeqst_unifsize_tuned,6,2,at_least,random,2,10,3000,0.21549941995281563,0.36
1,1,ghz,pauli,6,2,at_least,random,2,10,10,0.0,0.0
1,1,ghz,pauli,6,2,at_least,random,2,10,30,0.0,0.0
1,1,ghz,pauli,6,2,at_least,random,2,10,100,3.260187111194692,7.2899999999999965
1,1,ghz,pauli,6,2,at_least,random,2,10,300,1.5368669428418316,2.429999999999999
1,1,ghz,pauli,6,2,at_least,random,2,10,1000,0.7985794888425318,1.4579999999999993
1,1,ghz,pauli,6,2,at_least,random,2,10,3000,0.537903429994641,0.9719999999999995
1,1,ghz,clifford,6,2,at_least,random,2,10,10,2.055480479109443,6.4999999999999885
1,1,ghz,clifford,6,2,at_least,random,2,10,30,1.8127633908238272,2.166666666666663
1,1,ghz,clifford,6,2,at_least,random,2,10,100,0.7120393247567146,1.2999999999999978
1,1,ghz,clifford,6,2,at_least,random,2,10,300,0.42788238259284833,0.8666666666666654
1,1,ghz,clifford,6,2,at_least,random,2,10,1000,0.26242618009642205,0.5849999999999987
1,1,ghz,clifford,6,2,at_least,random,2,10,3000,0.17827335439960953,0.3033333333333328
1,1,ghz,seeqst_uniform,6,2,at_least,random,2,10,10,4.047715405015526,12.8
1,1,ghz,seeqst_uniform,6,2,at_least,random,2,10,30,1.3492384683385086,4.266666666666667
1,1,ghz,seeqst_uniform,6,2,at_least,random,2,10,100,0.7010848736066126,1.28
1,1,ghz,seeqst_uniform,6,2,at_least,random,2,10,300,0.4047715405015526,0.8533333333333334
1,1,ghz,seeqst_uniform,6,2,at_least,random,2,10,1000,0.40679036370101,0.64
1,1,ghz,seeqst_uniform,6,2,at_least,random,2,10,3000,0.23486052598652393,0.512
1,1,ghz,seeqst_binomial_tuned,6,2,at_least,random,2,10,10,0.0,0.0
1,1,ghz,seeqst_binomial_tuned,6,2,at_least,random,2,10,30,0.9605418392761449,3.037499999999999
1,1,ghz,seeqst_binomial_tuned,6,2,at_least,random,2,10,100,0.7624064491791761,1.8224999999999993
1,1,ghz,seeqst_binomial_tuned,6,2,at_least,random,2,10,300,0.5172676108650143,1.2149999999999996
1,1,ghz,seeqst_binomial_tuned,6,2,at_least,random,2,10,1000,0.35991491181944646,0.7289999999999999
1,1,ghz,seeqst_binomial_tuned,6,2,at_least,random,2,10,3000,0.13240155541004792,0.2733749999999999
1,1,ghz,seeqst_binomial_untuned,6,2,at_least,random,2,10,10,5.741339574709099,18.155709876543206
1,1,ghz,seeqst_binomial_untuned,6,2,at_least,random,2,10,30,2.7064934309143283,6.051903292181069
1,1,ghz,seeqst_binomial_untuned,6,2,at_least,random,2,10,100,0.8119480292742985,1.8155709876543207
1,1,ghz,seeqst_binomial_untuned,6,2,at_least,random,2,10,300,0.5741339574709099,1.2103806584362138
1,1,ghz,seeqst_binomial_untuned,6,2,at_least,random,2,10,1000,0.4628815947181153,0.9077854938271603
1,1,ghz,seeqst_binomial_untuned,6,2,at_least,random,2,10,3000,0.3549532857929582,0.7262283950617282
1,1,ghz,seeqst_unifsize_tuned,6,2,at_least,random,2,10,10,4.929503017546495,9.0
1,1,ghz,seeqst_unifsize_tuned,6,2,at_least,random,2,10,30,1.8973665961010275,3.0
1,1,ghz,seeqst_unifsize_tuned,6,2,at_least,random,2,10,100,0.9000000000000001,1.8
1,1,ghz,seeqst_unifsize_tuned,6,2,at_least,random,2,10,300,0.5108815909777921,1.2
1,1,ghz,seeqst_unifsize_tuned,6,2,at_least,random,2,10,1000,0.2294558781116753,0.45
1,1,ghz,seeqst_unifsize_tuned,6,2,at_least,random,2,10,3000,0.1946535383701,0.3
1,2,ghz,pauli,6,2,at_least,random,2,10,10,0.0,0.0
1,2,ghz,pauli,6,2,at_least,random,2,10,30,0.0,0.0
1,2,ghz,pauli,6,2,at_least,random,2,10,100,0.0,0.0
1,2,ghz,pauli,6,2,at_least,random,2,10,300,0.0,0.0
1,2,ghz,pauli,6,2,at_least,random,2,10,1000,0.5154808434849929,0.7289999999999996
1,2,ghz,pauli,6,2,at_least,random,2,10,3000,0.3436538956566619,0.7289999999999996
1,2,ghz,clifford,6,2,at_least,random,2,10,10,1.2647089973342114e-16,2.1777563301885047e-16
1,2,ghz,clifford,6,2,at_least,random,2,10,30,0.9689627902499065,2.166666666666663
1,2,ghz,clifford,6,2,at_least,random,2,10,100,0.7120393247567144,1.2999999999999978
1,2,ghz,clifford,6,2,at_least,random,2,10,300,0.37527767497325604,0.6499999999999989
1,2,ghz,clifford,6,2,at_least,random,2,10,1000,0.33270858119381236,0.584999999999999
1,2,ghz,clifford,6,2,at_least,random,2,10,3000,0.2501538415544406,0.41166666666666574
1,2,ghz,seeqst_uniform,6,2,at_least,random,2,10,10,4.047715405015526,12.8
1,2,ghz,seeqst_uniform,6,2,at_least,random,2,10,30,2.3369495786887087,4.266666666666667
1,2,ghz,seeqst_uniform,6,2,at_least,random,2,10,100,0.7010848736066126,1.28
1,2,ghz,seeqst_uniform,6,2,at_least,random,2,10,300,0.504838808157834,0.8533333333333334
1,2,ghz,seeqst_uniform,6,2,at_least,random,2,10,1000,0.34583695580432117,0.64
1,2,ghz,seeqst_uniform,6,2,at_least,random,2,10,3000,0.22777766937666796,0.512
1,2,ghz,seeqst_binomial_tuned,6,2,at_least,random,2,10,10,2.881625517828435,9.112499999999997
1,2,ghz,seeqst_binomial_tuned,6,2,at_least,random,2,10,30,1.358411296331122,3.037499999999999
1,2,ghz,seeqst_binomial_tuned,6,2,at_least,random,2,10,100,0.762406449179176,1.8224999999999993
1,2,ghz,seeqst_binomial_tuned,6,2,at_least,random,2,10,300,0.35940184682330156,0.6074999999999998
1,2,ghz,seeqst_binomial_tuned,6,2,at_least,random,2,10,1000,0.34459229306167005,0.5467499999999998
1,2,ghz,seeqst_binomial_tuned,6,2,at_least,random,2,10,3000,0.1256071442534221,0.2733749999999999
1,2,ghz,seeqst_binomial_untuned,6,2,at_least,random,2,10,10,5.741339574709099,18.155709876543206
1,2,ghz,seeqst_binomial_untuned,6,2,at_least,random,2,10,30,2.7064934309143283,6.051903292181069
1,2,ghz,seeqst_binomial_untuned,6,2,at_least,random,2,10,100,0.9944291846902049,1.8155709876543207
1,2,ghz,seeqst_binomial_untuned,6,2,at_least,random,2,10,300,0.7412037519256638,1.2103806584362138
1,2,ghz,seeqst_binomial_untuned,6,2,at_least,random,2,10,1000,0.5712560748998617,1.0893425925925924
1,2,ghz,seeqst_binomial_untuned,6,2,at_least,random,2,10,3000,0.2581830182126624,0.4841522633744855
1,2,ghz,seeqst_unifsize_tuned,6,2,at_least,random,2,10,10,4.929503017546495,9.0
1,2,ghz,seeqst_unifsize_tuned,6,2,at_least,random,2,10,30,1.8973665961010275,3.0
1,2,ghz,seeqst_unifsize_tuned,6,2,at_least,random,2,10,100,0.6971370023173351,0.9
1,2,ghz,seeqst_unifsize_tuned,6,2,at_least,random,2,10,300,0.4743416490252569,0.9
1,2,ghz,seeqst_unifsize_tuned,6,2,at_least,random,2,10,1000,0.27298351598585585,0.45
1,2,ghz,seeqst_unifsize_tuned,6,2,at_least,random,2,10,3000,0.1797498261473429,0.3
1,0,random_stabilizer,pauli,6,2,at_least,random,2,10,10,0.0,0.0
1,0,random_stabilizer,pauli,6,2,at_least,random,2,10,30,0.0,0.0
1,0,random_stabilizer,pauli,6,2,at_least,random,2,10,100,2.3053004142627476,7.2899999999999965
1,0,random_stabilizer,pauli,6,2,at_least,random,2,10,300,0.7684334714209158,2.429999999999999
1,0,random_stabilizer,pauli,6,2,at_least,random,2,10,1000,0.7985794888425318,1.4579999999999993
1,0,random_stabilizer,pauli,6,2,at_least,random,2,10,3000,0.5698855148185464,1.2149999999999994
1,0,random_stabilizer,clifford,6,2,at_least,random,2,10,10,2.8525521932185695e-17,9.020562075079397e-17
1,0,random_stabilizer,clifford,6,2,at_least,random,2,10,30,0.6851601597031476,2.1666666666666625
1,0,random_stabilizer,clifford,6,2,at_least,random,2,10,100,0.8474963126763425,1.2999999999999978
1,0,random_stabilizer,clifford,6,2,at_least,random,2,10,300,0.3752776749732559,0.8666666666666649
1,0,random_stabilizer,clifford,6,2,at_least,random,2,10,1000,0.17681911661356042,0.3249999999999995
1,0,random_stabilizer,clifford,6,2,at_least,random,2,10,3000,0.15503404643998508,0.43333333333333235
1,0,random_stabilizer,seeqst_uniform,6,2,at_least,random,2,10,10,0.0,0.0
1,0,random_stabilizer,seeqst_uniform,6,2,at_least,random,2,10,30,1.3492384683385086,4.266666666666667
1,0,random_stabilizer,seeqst_uniform,6,2,at_least,random,2,10,100,0.5724334022399462,1.28
1,0,random_stabilizer,seeqst_uniform,6,2,at_least,random,2,10,300,0.42666666666666675,0.8533333333333334
1,0,random_stabilizer,seeqst_uniform,6,2,at_least,random,2,10,1000,0.256,0.64
1,0,random_stabilizer,seeqst_uniform,6,2,at_least,random,2,10,3000,0.16797883464558533,0.384
1,0,random_stabilizer,seeqst_binomial_tuned,6,2,at_least,random,2,10,10,2.881625517828435,9.112499999999997
1,0,random_stabilizer,seeqst_binomial_tuned,6,2,at_least,random,2,10,30,1.358411296331122,3.037499999999999
1,0,random_stabilizer,seeqst_binomial_tuned,6,2,at_least,random,2,10,100,0.8150467777986731,1.8224999999999993
1,0,random_stabilizer,seeqst_binomial_tuned,6,2,at_least,random,2,10,300,0.6150468732137411,1.2149999999999996
1,0,random_stabilizer,seeqst_binomial_tuned,6,2,at_least,random,2,10,1000,0.3385143506928472,0.6378749999999999
1,0,random_stabilizer,seeqst_binomial_tuned,6,2,at_least,random,2,10,3000,0.1578331298397139,0.33412499999999995
1,0,random_stabilizer,seeqst_binomial_untuned,6,2,at_least,random,2,10,10,5.741339574709099,18.155709876543206
1,0,random_stabilizer,seeqst_binomial_untuned,6,2,at_least,random,2,10,30,3.3147639489673497,6.051903292181069
1,0,random_stabilizer,seeqst_binomial_untuned,6,2,at_least,random,2,10,100,1.7224018724127297,3.6311419753086414
1,0,random_stabilizer,seeqst_binomial_untuned,6,2,at_least,random,2,10,300,0.8558683713972851,1.2103806584362138
1,0,random_stabilizer,seeqst_binomial_untuned,6,2,at_least,random,2,10,1000,0.32981484861964416,0.7262283950617283
1,0,random_stabilizer,seeqst_binomial_untuned,6,2,at_least,random,2,10,3000,0.17644178484481857,0.3631141975308641
1,0,random_stabilizer,seeqst_unifsize_tuned,6,2,at_least,random,2,10,10,4.024922359499621,9.0
1,0,random_stabilizer,seeqst_unifsize_tuned,6,2,at_least,random,2,10,30,1.6431676725154984,3.0
1,0,random_stabilizer,seeqst_unifsize_tuned,6,2,at_least,random,2,10,100,1.1384199576606167,2.7
1,0,random_stabilizer,seeqst_unifsize_tuned,6,2,at_least,random,2,10,300,0.5449770637375485,1.2
1,0,random_stabilizer,seeqst_unifsize_tuned,6,2,at_least,random,2,10,1000,0.21106870919205434,0.36
1,0,random_stabilizer,seeqst_unifsize_tuned,6,2,at_least,random,2,10,3000,0.1341640786499874,0.24
1,1,random_stabilizer,pauli,6,2,at_least,random,2,10,10,23.053004142627472,72.89999999999996
1,1,random_stabilizer,pauli,6,2,at_least,random,2,10,30,7.684334714209159,24.29999999999999
1,1,random_stabilizer,pauli,6,2,at_least,random,2,10,100,3.260187111194692,7.2899999999999965
1,1,random_stabilizer,pauli,6,2,at_least,random,2,10,300,1.330965814737553,2.429999999999999
1,1,random_stabilizer,pauli,6,2,at_least,random,2,10,1000,1.1055832397427154,2.186999999999999
1,1,random_stabilizer,pauli,6,2,at_least,random,2,10,3000,0.7760797639418253,1.4579999999999993
1,1,random_stabilizer,clifford,6,2,at_least,random,2,10,10,3.560196623783573,6.4999999999999885
1,1,random_stabilizer,clifford,6,2,at_least,random,2,10,30,0.9689627902499071,2.166666666666663
1,1,random_stabilizer,clifford,6,2,at_least,random,2,10,100,0.459619407771255,0.649999999999999
1,1,random_stabilizer,clifford,6,2,at_least,random,2,10,300,0.3285912692422332,0.43333333333333285
1,1,random_stabilizer,clifford,6,2,at_least,random,2,10,1000,0.2517439175034817,0.4549999999999992
1,1,random_stabilizer,clifford,6,2,at_least,random,2,10,3000,0.1794544200873547,0.47666666666666585
1,1,random_stabilizer,seeqst_uniform,6,2,at_least,random,2,10,10,5.7243340223994625,12.8
1,1,random_stabilizer,seeqst_uniform,6,2,at_least,random,2,10,30,3.0169889330626027,4.266666666666667
1,1,random_stabilizer,seeqst_uniform,6,2,at_least,random,2,10,100,1.1448668044798924,2.56
1,1,random_stabilizer,seeqst_uniform,6,2,at_least,random,2,10,300,0.4266666666666667,0.8533333333333334
1,1,random_stabilizer,seeqst_uniform,6,2,at_least,random,2,10,1000,0.39865373446137436,0.64
1,1,random_stabilizer,seeqst_uniform,6,2,at_least,random,2,10,3000,0.23447264706618173,0.4266666666666667
1,1,random_stabilizer,seeqst_binomial_tuned,6,2,at_least,random,2,10,10,4.991121805265825,9.112499999999997
1,1,random_stabilizer,seeqst_binomial_tuned,6,2,at_least,random,2,10,30,1.6637072684219414,3.037499999999999
1,1,random_stabilizer,seeqst_binomial_tuned,6,2,at_least,random,2,10,100,0.7624064491791761,0.9112499999999997
1,1,random_stabilizer,seeqst_binomial_tuned,6,2,at_least,random,2,10,300,0.4295673695708275,0.9112499999999997
1,1,random_stabilizer,seeqst_binomial_tuned,6,2,at_least,random,2,10,1000,0.17995745590972323,0.3644999999999999
1,1,random_stabilizer,seeqst_binomial_tuned,6,2,at_least,random,2,10,3000,0.13240155541004792,0.2733749999999999
1,1,random_stabilizer,seeqst_binomial_untuned,6,2,at_least,random,2,10,10,5.741339574709099,18.155709876543206
1,1,random_stabilizer,seeqst_binomial_untuned,6,2,at_least,random,2,10,30,3.3147639489673497,6.051903292181069
1,1,random_stabilizer,seeqst_binomial_untuned,6,2,at_least,random,2,10,100,1.519015670705362,3.6311419753086414
1,1,random_stabilizer,seeqst_binomial_untuned,6,2,at_least,random,2,10,300,0.8976423207904501,2.4207613168724276
1,1,random_stabilizer,seeqst_binomial_untuned,6,2,at_least,random,2,10,1000,0.19888583693804096,0.36311419753086416
1,1,random_stabilizer,seeqst_binomial_untuned,6,2,at_least,random,2,10,3000,0.25025919006707753,0.4236332304526748
1,1,random_stabilizer,seeqst_unifsize_tuned,6,2,at_least,random,2,10,10,2.8460498941515415,9.0
1,1,random_stabilizer,seeqst_unifsize_tuned,6,2,at_least,random,2,10,30,0.9486832980505138,3.0
1,1,random_stabilizer,seeqst_unifsize_tuned,6,2,at_least,random,2,10,100,0.9439279633531366,1.8
1,1,random_stabilizer,seeqst_unifsize_tuned,6,2,at_least,random,2,10,300,0.6148170459575759,0.9
1,1,random_stabilizer,seeqst_unifsize_tuned,6,2,at_least,random,2,10,1000,0.31946830828737927,0.63
1,1,random_stabilizer,seeqst_unifsize_tuned,6,2,at_least,random,2,10,3000,0.13007690033207278,0.24
1,2,random_stabilizer,pauli,6,2,at_least,random,2,10,10,0.31622776601683733,0.9999999999999981
1,2,random_stabilizer,pauli,6,2,at_least,random,2,10,30,10.871890360006391,24.29999999999999
1,2,random_stabilizer,pauli,6,2,at_least,random,2,10,100,4.005400104858438,7.2899999999999965
1,2,random_stabilizer,pauli,6,2,at_least,random,2,10,300,1.9086487366720981,2.429999999999999
1,2,random_stabilizer,pauli,6,2,at_least,random,2,10,1000,1.7839164218090477,2.9159999999999986
1,2,random_stabilizer,pauli,6,2,at_least,random,2,10,3000,0.8442445143440372,1.4579999999999993
1,2,random_stabilizer,clifford,6,2,at_least,random,2,10,10,0.31622776601683733,0.999999999999998
1,2,random_stabilizer,clifford,6,2,at_least,random,2,10,30,1.0192589900947084,2.1666666666666625
1,2,random_stabilizer,clifford,6,2,at_least,random,2,10,100,1.0554619841566988,1.949999999999996
1,2,random_stabilizer,clifford,6,2,at_least,random,2,10,300,0.34516501689610496,0.6499999999999989
1,2,random_stabilizer,clifford,6,2,at_least,random,2,10,1000,0.18516209115258944,0.32499999999999934
1,2,random_stabilizer,clifford,6,2,at_least,random,2,10,3000,0.11059812134229223,0.15166666666666637
1,2,random_stabilizer,seeqst_uniform,6,2,at_least,random,2,10,10,0.31622776601683733,0.9999999999999981
1,2,random_stabilizer,seeqst_uniform,6,2,at_least,random,2,10,30,0.31622776601683733,0.9999999999999981
1,2,random_stabilizer,seeqst_uniform,6,2,at_least,random,2,10,100,0.8143709228600934,1.28
1,2,random_stabilizer,seeqst_uniform,6,2,at_least,random,2,10,300,0.7106679174473048,1.28
1,2,random_stabilizer,seeqst_uniform,6,2,at_least,random,2,10,1000,0.46927348103211636,0.896
1,2,random_stabilizer,seeqst_uniform,6,2,at_least,random,2,10,3000,0.19636700333813709,0.4693333333333333
1,2,random_stabilizer,seeqst_binomial_tuned,6,2,at_least,random,2,10,10,0.31622776601683733,0.9999999999999981
1,2,random_stabilizer,seeqst_binomial_tuned,6,2,at_least,random,2,10,30,1.0112569530045266,3.037499999999999
1,2,random_stabilizer,seeqst_binomial_tuned,6,2,at_least,random,2,10,100,0.6573816433396961,0.9999999999999981
1,2,random_stabilizer,seeqst_binomial_tuned,6,2,at_least,random,2,10,300,0.7362283528226824,1.2149999999999996
1,2,random_stabilizer,seeqst_binomial_tuned,6,2,at_least,random,2,10,1000,0.40703604723660564,0.9136250000000016
1,2,random_stabilizer,seeqst_binomial_tuned,6,2,at_least,random,2,10,3000,0.29584108910021306,0.7010000000000015
1,2,random_stabilizer,seeqst_binomial_untuned,6,2,at_least,random,2,10,10,0.31622776601683733,0.9999999999999981
1,2,random_stabilizer,seeqst_binomial_untuned,6,2,at_least,random,2,10,30,4.291009989379661,6.051903292181069
1,2,random_stabilizer,seeqst_binomial_untuned,6,2,at_least,random,2,10,100,1.9302662542595759,3.6311419753086414
1,2,random_stabilizer,seeqst_binomial_untuned,6,2,at_least,random,2,10,300,0.6269005245358279,1.2103806584362138
1,2,random_stabilizer,seeqst_binomial_untuned,6,2,at_least,random,2,10,1000,0.35519264853130433,0.5446712962962962
1,2,random_stabilizer,seeqst_binomial_untuned,6,2,at_least,random,2,10,3000,0.21322284155436583,0.30259516460905345
1,2,random_stabilizer,seeqst_unifsize_tuned,6,2,at_least,random,2,10,10,0.31622776601683733,0.9999999999999981
1,2,random_stabilizer,seeqst_unifsize_tuned,6,2,at_least,random,2,10,30,1.6733200530681511,3.0
1,2,random_stabilizer,seeqst_unifsize_tuned,6,2,at_least,random,2,10,100,0.9539392014169455,1.8
1,2,random_stabilizer,seeqst_unifsize_tuned,6,2,at_least,random,2,10,300,0.5118593556827894,1.2
1,2,random_stabilizer,seeqst_unifsize_tuned,6,2,at_least,random,2,10,1000,0.3120737092419032,0.63
1,2,random_stabilizer,seeqst_unifsize_tuned,6,2,at_least,random,2,10,3000,0.16140012391568975,0.3
