state_repeat,obs_repeat,state_type,ensemble,n,num_observables,n_sample,rmse,mean_variance,max_error
0,0,haar_random,pauli,3,64,1000,0.12170413080935798,14.652559825450426,0.41022100125834515
0,0,haar_random,pauli,3,64,5000,0.052316519102907334,14.368901587192394,0.1669297631511671
0,0,haar_random,pauli,3,64,10000,0.04007730864322922,14.344090163703353,0.12268437978247652
0,0,haar_random,pauli,3,64,15000,0.03068874243065658,14.329314257616588,0.09478437978247653
0,0,haar_random,pauli,3,64,20000,0.02814884988977154,14.415032741129098,0.08052976315116711
0,0,haar_random,pauli,3,64,25000,0.026129055007562064,14.44904056087325,0.06598437978247654
0,0,haar_random,pauli,3,64,30000,0.023820457020788763,14.446209366719096,0.06257431611936115
0,0,haar_random,pauli,3,64,35000,0.020208045360299087,14.467382603011767,0.049672620294024306
0,0,haar_random,pauli,3,64,40000,0.017765027774276465,14.467665172233637,0.04880476315116711
0,0,haar_random,pauli,3,64,45000,0.017218409106015645,14.480265050822911,0.039168307680676195
0,0,haar_random,pauli,3,64,50000,0.015970927464738455,14.464490020298696,0.03476817526751208
0,0,haar_random,pauli,3,64,55000,0.015208858196781952,14.472362285038074,0.03947528887338563
0,0,haar_random,pauli,3,64,60000,0.016324357495409465,14.474536754154812,0.03808437978247654
0,0,haar_random,pauli,3,64,65000,0.016064659316624007,14.47122287006996,0.037052790652127465
0,0,haar_random,pauli,3,64,70000,0.015427865370928329,14.469727369759102,0.034741522639619396
0,0,haar_random,pauli,3,64,75000,0.014651458973181845,14.482118429515559,0.04258437978247654
0,0,haar_random,pauli,3,64,80000,0.013514747799979883,14.488340345107513,0.041684379782476536
0,0,haar_random,pauli,3,64,85000,0.013133885948940377,14.491108103680702,0.04756085037071183
0,0,haar_random,pauli,3,64,90000,0.012631383532104683,14.485425042775859,0.04648437978247654
0,0,haar_random,pauli,3,64,95000,0.012224221514783695,14.485913278987544,0.04523701136142391
0,0,haar_random,pauli,3,64,100000,0.012107123773261539,14.48174558395205,0.04519437978247654
0,0,haar_random,clifford,3,64,1000,0.08745512273189793,8.903364020270242,0.2219245496771952
0,0,haar_random,clifford,3,64,5000,0.04237205446201719,8.883636162857544,0.12641305725923657
0,0,haar_random,clifford,3,64,10000,0.029487179734265696,8.87147887601255,0.0778130572592366
0,0,haar_random,clifford,3,64,15000,0.027256461297375197,8.864870147593109,0.05833852422993163
0,0,haar_random,clifford,3,64,20000,0.027532894403850167,8.86450417645862,0.06283852422993164
0,0,haar_random,clifford,3,64,25000,0.0199165635552048,8.868153527691657,0.039258524229931646
0,0,haar_random,clifford,3,64,30000,0.016286798357035726,8.876090215142753,0.03823852422993165
0,0,haar_random,clifford,3,64,35000,0.01423437647949017,8.871196433329995,0.04090155000488318
0,0,haar_random,clifford,3,64,40000,0.015739977125206354,8.869174776077973,0.042830121433454604
0,0,haar_random,clifford,3,64,45000,0.014910301412300164,8.868126023842581,0.029930121433454603
0,0,haar_random,clifford,3,64,50000,0.015575751337446759,8.866866233338186,0.03613583538925558
0,0,haar_random,clifford,3,64,55000,0.01469896779795629,8.868059287554836,0.035955835389255564
0,0,haar_random,clifford,3,64,60000,0.013247296507830885,8.866533211296725,0.029505835389255552
0,0,haar_random,clifford,3,64,65000,0.011992163474532165,8.863738533836443,0.02826869092178324
0,0,haar_random,clifford,3,64,70000,0.01214786216134949,8.86606998869301,0.032175284328376644
0,0,haar_random,clifford,3,64,75000,0.011797736115979767,8.864464261181107,0.03160099861409093
0,0,haar_random,clifford,3,64,80000,0.012170507924326295,8.864211143303436,0.03178852422993164
0,0,haar_random,clifford,3,64,85000,0.011495509557208424,8.867388337562986,0.030385583053461063
0,0,haar_random,clifford,3,64,90000,0.011359163749175633,8.86718018078742,0.02903852422993164
0,0,haar_random,clifford,3,64,95000,0.010650476364548083,8.86451058967065,0.026696418966773758
0,0,haar_random,clifford,3,64,100000,0.010788091392662708,8.86404620951427,0.02626099861409093
0,0,haar_random,seeqst,3,64,1000,0.09109863544456381,13.91292511261259,0.21596393264023522
0,0,haar_random,seeqst,3,64,5000,0.06179528781957028,14.281545049009647,0.17116393264023522
0,0,haar_random,seeqst,3,64,10000,0.03427521729292122,14.330405834333432,0.09548425407674294
0,0,haar_random,seeqst,3,64,15000,0.028827885458367935,14.36497295903138,0.0779312190954515
0,0,haar_random,seeqst,3,64,20000,0.023089320575816145,14.32680562715652,0.05390289327531966
0,0,haar_random,seeqst,3,64,25000,0.021724606687188792,14.31848148246053,0.04797358635986115
0,0,haar_random,seeqst,3,64,30000,0.020439630012999175,14.352860488613707,0.04361781143988647
0,0,haar_random,seeqst,3,64,35000,0.02171674802613312,14.325555205810005,0.0612329043414969
0,0,haar_random,seeqst,3,64,40000,0.01999951168869095,14.323853526883452,0.05666147577006833
0,0,haar_random,seeqst,3,64,45000,0.02027587786096547,14.308149999597578,0.06768369799229056
0,0,haar_random,seeqst,3,64,50000,0.018689744345866455,14.32155536148277,0.05858147577006833
0,0,haar_random,seeqst,3,64,55000,0.01658491536287586,14.322715088516539,0.04938874849734105
0,0,haar_random,seeqst,3,64,60000,0.017197034000166953,14.322624364065552,0.047328142436735
0,0,haar_random,seeqst,3,64,65000,0.016519140207909403,14.322968187437045,0.04459993730852987
0,0,haar_random,seeqst,3,64,70000,0.014862048225217672,14.338138158898667,0.039518618627211184
0,0,haar_random,seeqst,3,64,75000,0.016157810927725384,14.34549454066332,0.042794809103401665
0,0,haar_random,seeqst,3,64,80000,0.016048839339577566,14.341521044586877,0.04406147577006833
0,0,haar_random,seeqst,3,64,85000,0.014216063467553592,14.352442442229592,0.039720299299480094
0,0,haar_random,seeqst,3,64,90000,0.013608158579423959,14.34629639676669,0.03781703132562388
0,0,haar_random,seeqst,3,64,95000,0.013081765710886276,14.349024717544236,0.036619370506910436
0,0,haar_random,seeqst,3,64,100000,0.012891502621504404,14.347507051866595,0.035701475770068325
0,0,ghz,pauli,3,64,1000,0.14359208717753214,14.56125506756751,0.3509999999999999
0,0,ghz,pauli,3,64,5000,0.054017572372330826,14.619940464968044,0.14579999999999999
0,0,ghz,pauli,3,64,10000,0.035128129309002484,14.510646766707552,0.10529999999999998
0,0,ghz,pauli,3,64,15000,0.032223196225700516,14.495381149369042,0.09179999999999998
0,0,ghz,pauli,3,64,20000,0.024505124623484364,14.419249367585738,0.07559999999999999
0,0,ghz,pauli,3,64,25000,0.025333761564363073,14.362050807558418,0.06695999999999999
0,0,ghz,pauli,3,64,30000,0.024945706669685666,14.395537250461329,0.06839999999999999
0,0,ghz,pauli,3,64,35000,0.02339365538441776,14.376351882658374,0.05862857142857142
0,0,ghz,pauli,3,64,40000,0.023795119354147496,14.383403924266064,0.06614999999999999
0,0,ghz,pauli,3,64,45000,0.021861856368773643,14.365669421336568,0.05819999999999999
0,0,ghz,pauli,3,64,50000,0.01831046695199224,14.38784435868741,0.05291999999999999
0,0,ghz,pauli,3,64,55000,0.017899852831935764,14.401265300092485,0.05154545454545454
0,0,ghz,pauli,3,64,60000,0.017384547736423863,14.386682868048373,0.05129999999999999
0,0,ghz,pauli,3,64,65000,0.018966095957207118,14.398580073050468,0.061892307692307684
0,0,ghz,pauli,3,64,70000,0.019332170320769074,14.389520894278913,0.060171428571428556
0,0,ghz,pauli,3,64,75000,0.018576442743431804,14.393116198992544,0.05867999999999999
0,0,ghz,pauli,3,64,80000,0.017873603939145506,14.398331607176196,0.056699999999999987
0,0,ghz,pauli,3,64,85000,0.016456105568059782,14.393300919241565,0.051776470588235285
0,0,ghz,pauli,3,64,90000,0.0149556102442454,14.374739174047033,0.04979999999999999
0,0,ghz,pauli,3,64,95000,0.014865614662955566,14.374118806855957,0.04774736842105262
0,0,ghz,pauli,3,64,100000,0.013784535719421242,14.370211188687625,0.044009999999999994
0,0,ghz,clifford,3,64,1000,0.08859907942524,8.950303631756755,0.25199999999999984
0,0,ghz,clifford,3,64,5000,0.030752510060156044,8.931875033131593,0.06839999999999996
0,0,ghz,clifford,3,64,10000,0.030983392729008866,8.947450399415033,0.10079999999999997
0,0,ghz,clifford,3,64,15000,0.024259006059605986,8.938729290911137,0.06479999999999998
0,0,ghz,clifford,3,64,20000,0.019630158557688727,8.942430528401196,0.0657
0,0,ghz,clifford,3,64,25000,0.018602232392914565,8.94178412831511,0.05255999999999999
0,0,ghz,clifford,3,64,30000,0.01852570005424897,8.92998571462784,0.060899999999999996
0,0,ghz,clifford,3,64,35000,0.016409748922328993,8.926905863878241,0.04834285714285714
0,0,ghz,clifford,3,64,40000,0.01515568265690711,8.931087723101626,0.041174999999999996
0,0,ghz,clifford,3,64,45000,0.01418934459374357,8.936359748272297,0.0358
0,0,ghz,clifford,3,64,50000,0.014703742720817715,8.937381297576174,0.03852
0,0,ghz,clifford,3,64,55000,0.014156550005486905,8.935910642737902,0.04056363636363636
0,0,ghz,clifford,3,64,60000,0.013490271378849287,8.930466853691591,0.03860000000000019
0,0,ghz,clifford,3,64,65000,0.014435618521580287,8.928752295644816,0.04261538461538472
0,0,ghz,clifford,3,64,70000,0.01448449888357078,8.928481141880937,0.04425714285714277
0,0,ghz,clifford,3,64,75000,0.013692519855746049,8.923805248968359,0.04279999999999995
0,0,ghz,clifford,3,64,80000,0.012769072457535098,8.924055337418352,0.04456250000000006
0,0,ghz,clifford,3,64,85000,0.013155141448870566,8.923635602668949,0.042729411764705905
0,0,ghz,clifford,3,64,90000,0.01176846952666319,8.921579381783808,0.040100000000000025
0,0,ghz,clifford,3,64,95000,0.010384028461604529,8.92460058879819,0.035568421052631694
0,0,ghz,clifford,3,64,100000,0.009339120926912777,8.92433280540099,0.034010000000000096
0,0,ghz,seeqst,3,64,1000,0.08905932011867149,13.993561999499438,0.24
0,0,ghz,seeqst,3,64,5000,0.05220351999626081,14.165970486597576,0.1184
0,0,ghz,seeqst,3,64,10000,0.036974805611388946,14.190658179568683,0.0864
0,0,ghz,seeqst,3,64,15000,0.03256308407452286,14.159200258906468,0.08
0,0,ghz,seeqst,3,64,20000,0.02445578919192752,14.148918735311344,0.0456
0,0,ghz,seeqst,3,64,25000,0.027180559228978312,14.102765327814426,0.04544
0,0,ghz,seeqst,3,64,30000,0.02471256287577003,14.074833450349233,0.050133333333333335
0,0,ghz,seeqst,3,64,35000,0.021235059573781263,14.080067431314415,0.042057142857142855
0,0,ghz,seeqst,3,64,40000,0.019684284459626642,14.074159695438365,0.0472
0,0,ghz,seeqst,3,64,45000,0.01618091296696337,14.04838369769184,0.044088888888888886
0,0,ghz,seeqst,3,64,50000,0.012153088084927212,14.062294798348983,0.03456
0,0,ghz,seeqst,3,64,55000,0.010588451724277508,14.057641205444366,0.03345454545454545
0,0,ghz,seeqst,3,64,60000,0.009981974204924493,14.049461601220724,0.03253333333333333
0,0,ghz,seeqst,3,64,65000,0.007655015372618766,14.050968146407264,0.024615384615384615
0,0,ghz,seeqst,3,64,70000,0.008238773282721256,14.056098995453505,0.023085714285714286
0,0,ghz,seeqst,3,64,75000,0.007669114826511749,14.064462877509063,0.019626666666666667
0,0,ghz,seeqst,3,64,80000,0.00819600703086572,14.069881355235214,0.0204
0,0,ghz,seeqst,3,64,85000,0.008200045889820129,14.08290358752537,0.021082352941176472
0,0,ghz,seeqst,3,64,90000,0.008451777700359655,14.085194097387129,0.021866666666666666
0,0,ghz,seeqst,3,64,95000,0.009211227792836514,14.087319361912996,0.021052631578947368
0,0,ghz,seeqst,3,64,100000,0.008977432817905162,14.094287848571954,0.02128
0,0,random_stabilizer,pauli,3,64,1000,0.11870703169989553,16.559546311936955,0.37700000000000045
0,0,random_stabilizer,pauli,3,64,5000,0.05750683655010073,16.031799323614823,0.16199999999999998
0,0,random_stabilizer,pauli,3,64,10000,0.04876417902774535,16.21503887123025,0.13229999999999997
0,0,random_stabilizer,pauli,3,64,15000,0.04198917271154553,16.185319055646183,0.12059999999999998
0,0,random_stabilizer,pauli,3,64,20000,0.032344863507402524,16.279442000653958,0.07289999999999999
0,0,random_stabilizer,pauli,3,64,25000,0.03184472758558314,16.24209622217353,0.07236
0,0,random_stabilizer,pauli,3,64,30000,0.028551737578473225,16.23541504128295,0.0639
0,0,random_stabilizer,pauli,3,64,35000,0.02696111830971046,16.231810524829374,0.06634285714285713
0,0,random_stabilizer,pauli,3,64,40000,0.023137032553692476,16.219920566365566,0.06277499999999998
0,0,random_stabilizer,pauli,3,64,45000,0.020046967420978615,16.230878596958533,0.0534
0,0,random_stabilizer,pauli,3,64,50000,0.018394439037383026,16.209519585004827,0.05778
0,0,random_stabilizer,pauli,3,64,55000,0.018286232995036483,16.20697932012441,0.05301818181818182
0,0,random_stabilizer,pauli,3,64,60000,0.01692566006836959,16.19415217456374,0.0504
0,0,random_stabilizer,pauli,3,64,65000,0.0161233295772556,16.202890034627185,0.045276923076923076
0,0,random_stabilizer,pauli,3,64,70000,0.014749260726025764,16.204182920853427,0.0405
0,0,random_stabilizer,pauli,3,64,75000,0.013930446870075658,16.201938218495535,0.04284
0,0,random_stabilizer,pauli,3,64,80000,0.014121270335168388,16.199093898712395,0.038474999999999995
0,0,random_stabilizer,pauli,3,64,85000,0.012603970031447767,16.199694592227146,0.03621176470588235
0,0,random_stabilizer,pauli,3,64,90000,0.012168957404213223,16.20204912673858,0.0384
0,0,random_stabilizer,pauli,3,64,95000,0.011115048538653388,16.20532828810452,0.03751578947368421
0,0,random_stabilizer,pauli,3,64,100000,0.010918208272193758,16.205107531300563,0.03888
0,0,random_stabilizer,clifford,3,64,1000,0.08942594701763007,9.009668918918926,0.18899999999999983
0,0,random_stabilizer,clifford,3,64,5000,0.04265435939033661,8.836338498324652,0.09719999999999998
0,0,random_stabilizer,clifford,3,64,10000,0.028732086810741728,8.905896306818583,0.06299999999999999
0,0,random_stabilizer,clifford,3,64,15000,0.020490500847953903,8.904176876167096,0.03959999999999999
0,0,random_stabilizer,clifford,3,64,20000,0.01921056431367906,8.913867272582426,0.03914999999999998
0,0,random_stabilizer,clifford,3,64,25000,0.015858293571503836,8.926608703873551,0.03347999999999999
0,0,random_stabilizer,clifford,3,64,30000,0.015888198253735393,8.922746552540326,0.032100000000000004
0,0,random_stabilizer,clifford,3,64,35000,0.015918045048411746,8.921052395909692,0.03188571428571429
0,0,random_stabilizer,clifford,3,64,40000,0.013592375648916206,8.920086686990832,0.0342
0,0,random_stabilizer,clifford,3,64,45000,0.013221951444472963,8.921804692327598,0.02419999999999999
0,0,random_stabilizer,clifford,3,64,50000,0.011917093815188363,8.920779523465857,0.0243
0,0,random_stabilizer,clifford,3,64,55000,0.01060299300875948,8.90972627610703,0.020472727272726754
0,0,random_stabilizer,clifford,3,64,60000,0.010133356890734723,8.915205276831886,0.017300000000000537
0,0,random_stabilizer,clifford,3,64,65000,0.01032725379072233,8.911242222709316,0.018969230769230766
0,0,random_stabilizer,clifford,3,64,70000,0.010530424973739277,8.912611745675672,0.021857142857142853
0,0,random_stabilizer,clifford,3,64,75000,0.0106965239680936,8.916093840626015,0.02108000000000043
0,0,random_stabilizer,clifford,3,64,80000,0.010535662326786271,8.921012231221514,0.021050000000000457
0,0,random_stabilizer,clifford,3,64,85000,0.010771085581410874,8.920749595473655,0.023823529411764705
0,0,random_stabilizer,clifford,3,64,90000,0.01040631569048341,8.921329896981138,0.027200000000000557
0,0,random_stabilizer,clifford,3,64,95000,0.00972354221461742,8.93003448598747,0.023536842105263744
0,0,random_stabilizer,clifford,3,64,100000,0.009144259127999427,8.928680044323679,0.019430000000000502
0,0,random_stabilizer,seeqst,3,64,1000,0.12564682646211164,15.263976851851833,0.288
0,0,random_stabilizer,seeqst,3,64,5000,0.0721170402886863,15.215479728445754,0.1536
0,0,random_stabilizer,seeqst,3,64,10000,0.045302179859251814,15.162726485148195,0.104
0,0,random_stabilizer,seeqst,3,64,15000,0.04040559642205797,15.20555609151685,0.10666666666666667
0,0,random_stabilizer,seeqst,3,64,20000,0.030595358103803923,15.181154231774872,0.0696
0,0,random_stabilizer,seeqst,3,64,25000,0.02442465557587253,15.185430853434985,0.07296
0,0,random_stabilizer,seeqst,3,64,30000,0.021529121105041807,15.215831191319511,0.048
0,0,random_stabilizer,seeqst,3,64,35000,0.020257630207718126,15.202372196195116,0.04845714285714286
0,0,random_stabilizer,seeqst,3,64,40000,0.018271291090806926,15.207230715689247,0.0424
0,0,random_stabilizer,seeqst,3,64,45000,0.01837641738885422,15.211608676364438,0.04017777777777778
0,0,random_stabilizer,seeqst,3,64,50000,0.016758258411899523,15.207229555371187,0.04288
0,0,random_stabilizer,seeqst,3,64,55000,0.013496220009523236,15.210302357545157,0.032
0,0,random_stabilizer,seeqst,3,64,60000,0.013381594947289882,15.200603442978263,0.03626666666666667
0,0,random_stabilizer,seeqst,3,64,65000,0.013803558412672865,15.198879829160639,0.033723076923076925
0,0,random_stabilizer,seeqst,3,64,70000,0.013916479641498627,15.198776135537143,0.034057142857142855
0,0,random_stabilizer,seeqst,3,64,75000,0.01456349011893938,15.200998918076223,0.03264
0,0,random_stabilizer,seeqst,3,64,80000,0.013222818522822597,15.207659002803107,0.0296
0,0,random_stabilizer,seeqst,3,64,85000,0.014024776333727146,15.215300691540069,0.030305882352941176
0,0,random_stabilizer,seeqst,3,64,90000,0.013629812832152418,15.213267292279145,0.034133333333333335
0,0,random_stabilizer,seeqst,3,64,95000,0.013519175362908626,15.212223413195623,0.03250526315789474
0,0,random_stabilizer,seeqst,3,64,100000,0.012025026247372634,15.210815631902651,0.028
